Player,GP,G,A,TP,PPG,PIM,POS,firstYear,lastYear,Awards,Cups,All-Star Games,HoF
Jaromir Jagr,1733,766,1155,1921,1.108,1167,1,1990,2018,9,2,10,0
Joe Thornton,1641,421,1090,1511,0.921,1250,1,1997,2021,2,0,6,0
Alexander Ovechkin,1156,707,576,1283,1.11,719,1,2005,2021,18,1,7,0
Sidney Crosby,989,465,803,1268,1.2819999999999998,677,1,2005,2021,11,3,4,0
Patrick Marleau,1728,562,627,1189,0.688,517,1,1997,2021,0,0,3,0
Yevgeni Malkin,912,417,661,1078,1.182,960,1,2006,2021,6,3,4,0
Henrik Sedin,1330,240,830,1070,0.805,680,1,2000,2018,2,0,3,0
Daniel Sedin,1306,393,648,1041,0.797,546,1,2000,2018,2,0,3,0
Patrick Kane,978,392,635,1027,1.05,380,1,2007,2021,5,3,9,0
Eric Staal,1245,437,586,1023,0.8220000000000001,818,1,2003,2021,0,1,6,0
Shane Doan,1540,402,570,972,0.631,1353,1,1995,2017,0,0,2,0
Ryan Getzlaf,1058,274,693,967,0.914,892,1,2005,2021,0,1,3,0
Henrik Zetterberg,1082,337,623,960,0.887,401,1,2002,2021,1,1,0,0
Anze Kopitar,1077,333,623,956,0.888,296,1,2006,2021,0,2,5,0
Jason Spezza,1129,341,601,942,0.8340000000000001,576,1,2002,2021,0,0,2,0
Nicklas Backstrom,961,246,686,932,0.97,462,1,2007,2021,0,1,1,0
Ilya Kovalchuk,926,443,433,876,0.946,544,1,2001,2020,1,0,3,0
Patrice Bergeron,1093,353,519,872,0.7979999999999999,424,1,2003,2021,0,1,2,0
Phil Kessel,1071,375,490,865,0.8079999999999999,320,1,2006,2021,0,2,3,0
Steven Stamkos,806,424,414,838,1.04,499,1,2008,2021,2,1,6,0
Claude Giroux,895,257,562,819,0.915,382,1,2007,2021,0,0,6,0
Marian Gaborik,1035,407,408,815,0.787,492,1,2000,2021,0,1,3,0
Jonathan Toews,943,345,470,815,0.8640000000000001,525,1,2007,2021,1,3,4,0
Rick Nash,1060,437,368,805,0.759,750,1,2002,2018,1,0,6,0
Corey Perry,1045,377,420,797,0.763,1180,1,2005,2021,2,1,4,0
Justin Williams,1264,320,477,797,0.631,766,1,2000,2020,1,3,1,0
Joe Pavelski,1031,371,425,796,0.772,400,1,2006,2021,0,0,3,0
Zach Parise,1020,387,406,793,0.777,380,1,2005,2021,0,0,1,0
Mike Ribeiro,1074,228,565,793,0.738,577,1,1999,2017,0,0,1,0
Thomas Vanek,1029,373,416,789,0.767,547,1,2005,2019,0,0,1,0
John Tavares,820,349,427,776,0.946,367,1,2009,2021,0,0,6,0
Blake Wheeler,935,266,499,765,0.818,615,1,2008,2021,0,0,2,0
Jeff Carter,1044,383,354,737,0.706,537,1,2005,2021,0,2,2,0
Matt Cullen,1516,266,465,731,0.482,592,1,1997,2019,0,3,0,0
Jason Pominville,1060,293,434,727,0.6859999999999999,199,1,2003,2019,0,0,1,0
Paul Stastny,949,250,476,726,0.765,438,1,2006,2021,0,0,1,0
Mikko Koivu,1028,205,504,709,0.69,592,1,2005,2021,0,0,0,0
Scott Hartnell,1249,327,380,707,0.5660000000000001,1809,1,2000,2018,0,0,1,0
Marc Savard,807,207,499,706,0.875,737,1,1997,2017,0,1,2,0
Jakub Voracek,920,208,493,701,0.762,467,1,2008,2021,0,0,1,0
Brent Burns,1118,211,486,697,0.623,691,2,2003,2021,1,0,6,0
David Krejci,915,207,482,689,0.753,327,1,2006,2021,0,1,0,0
Jamie Benn,815,300,388,688,0.8440000000000001,615,1,2009,2021,1,0,2,0
Zdeno Chara,1558,205,452,657,0.422,1958,2,1997,2021,1,1,6,0
Dustin Brown,1187,300,355,655,0.552,706,1,2003,2021,0,2,1,0
Brad Marchand,755,291,359,650,0.861,758,1,2009,2021,0,1,2,0
Michael Cammalleri,906,294,348,642,0.7090000000000001,425,1,2002,2018,0,0,0,0
Tyler Seguin,741,279,356,635,0.857,223,1,2010,2021,0,1,6,0
Radim Vrbata,1057,284,339,623,0.589,294,1,2001,2018,0,0,1,0
Alexander Steen,1018,245,377,622,0.611,454,1,2005,2021,0,1,0,0
Patrick Sharp,939,287,333,620,0.66,536,1,2002,2018,0,3,1,0
Chris Kunitz,1022,268,351,619,0.606,746,1,2003,2019,0,4,0,0
Duncan Keith,1143,101,513,614,0.537,631,2,2005,2021,3,3,4,0
Tomas Plekanec,1001,233,375,608,0.607,543,1,2003,2019,0,0,0,0
Erik Karlsson,741,135,470,605,0.816,354,2,2009,2021,2,0,6,0
Brian Gionta,1026,291,304,595,0.58,377,1,2001,2018,0,1,0,0
Loui Eriksson,968,250,343,593,0.613,192,1,2006,2021,0,0,1,0
Matt Duchene,797,245,346,591,0.742,192,1,2009,2021,0,0,2,0
Ryan Suter,1147,90,501,591,0.515,655,2,2005,2021,0,0,3,0
Mike Fisher,1104,278,311,589,0.534,815,1,1999,2018,0,0,0,0
Keith Yandle,978,100,476,576,0.589,566,2,2006,2021,0,0,3,0
Shea Weber,995,219,355,574,0.5770000000000001,687,2,2005,2021,0,0,7,0
Ryan Kesler,1001,258,315,573,0.5720000000000001,920,1,2003,2021,0,0,2,0
Ales Hemsky,845,174,398,572,0.677,353,1,2002,2018,0,0,0,0
Andrei Markov,990,119,453,572,0.578,505,2,2000,2017,0,0,2,0
T.J. Oshie,808,238,333,571,0.7070000000000001,410,1,2008,2021,0,1,1,0
Taylor Hall,632,219,350,569,0.9,350,1,2010,2021,1,0,2,0
Jussi Jokinen,951,191,372,563,0.5920000000000001,377,1,2005,2018,0,0,0,0
Ryan O'Reilly,808,195,366,561,0.6940000000000001,110,1,2009,2021,1,1,3,0
Bobby Ryan,837,258,301,559,0.6679999999999999,460,1,2007,2021,0,0,1,0
Max Pacioretty,768,283,275,558,0.727,421,1,2008,2021,0,0,1,0
David Backes,950,245,312,557,0.586,1144,1,2006,2021,0,0,1,0
David Perron,854,223,328,551,0.645,650,1,2007,2021,0,1,1,0
Logan Couture,720,258,292,550,0.764,191,1,2009,2021,0,0,1,0
Nikita Kucherov,515,221,326,547,1.062,261,1,2013,2021,3,1,3,0
James Neal,822,289,256,545,0.6629999999999999,570,1,2008,2021,0,0,3,0
Kris Letang,813,127,412,539,0.6629999999999999,584,2,2006,2021,0,3,6,0
Andrew Ladd,950,249,289,538,0.5660000000000001,568,1,2005,2020,0,2,0,0
Jordan Staal,962,225,312,537,0.5579999999999999,475,1,2006,2021,0,1,0,0
Travis Zajac,995,196,337,533,0.536,340,1,2006,2021,0,0,0,0
Dustin Byfuglien,869,177,348,525,0.604,1094,2,2005,2020,0,1,3,0
Milan Lucic,961,206,316,522,0.5429999999999999,1130,1,2007,2021,0,1,0,0
Jordan Eberle,728,227,294,521,0.716,172,1,2010,2021,0,0,1,0
Bryan Little,843,217,304,521,0.618,293,1,2007,2021,0,0,0,0
Antoine Vermette,1046,228,287,515,0.4920000000000001,622,1,2003,2018,0,1,0,0
Valtteri Filppula,1023,191,324,515,0.503,336,1,2005,2021,0,1,0,0
Kyle Okposo,800,196,310,506,0.633,443,1,2007,2021,0,0,1,0
Drew Doughty,923,118,386,504,0.546,637,2,2008,2021,1,2,5,0
Brian Campbell,1082,87,417,504,0.466,277,2,1999,2017,0,1,4,0
Nathan MacKinnon,530,192,310,502,0.947,197,1,2013,2021,1,0,4,0
Mike Green,880,150,351,501,0.569,592,2,2005,2020,0,0,2,0
Wayne Simmonds,915,251,248,499,0.545,1138,1,2008,2021,0,0,1,0
Dion Phaneuf,1048,137,357,494,0.471,1345,2,2005,2019,0,0,3,0
Derick Brassard,857,187,300,487,0.568,407,1,2007,2021,0,0,0,0
James van Riemsdyk,746,250,236,486,0.6509999999999999,307,1,2009,2021,0,0,0,0
Mark Giordano,896,135,350,485,0.541,745,2,2005,2021,1,0,3,0
Patric Hornqvist,772,241,243,484,0.627,395,1,2008,2021,0,2,0,0
John Carlson,762,106,376,482,0.633,260,2,2009,2021,0,1,2,0
Derek Stepan,743,168,313,481,0.647,188,1,2010,2021,0,0,0,0
Josh Bailey,869,154,323,477,0.5489999999999999,231,1,2008,2021,0,0,1,0
Connor McDavid,357,166,310,476,1.3330000000000002,124,1,2015,2021,5,0,4,0
Victor Hedman,765,105,371,476,0.622,560,2,2009,2021,2,1,2,0
Lee Stempniak,911,203,266,469,0.515,327,1,2005,2019,0,0,0,0
Frans Nielsen,900,166,303,469,0.521,166,1,2006,2021,0,0,1,0
Nick Foligno,913,198,270,468,0.513,744,1,2007,2021,0,0,1,0
Jeff Skinner,725,258,208,466,0.643,324,1,2010,2021,1,0,2,0
Gabriel Landeskog,638,201,264,465,0.7290000000000001,491,1,2011,2021,1,0,1,0
Brent Seabrook,1114,103,361,464,0.417,661,2,2005,2021,0,3,1,0
Evander Kane,718,243,218,461,0.642,960,1,2009,2021,0,0,0,0
Sam Gagner,848,164,295,459,0.541,385,1,2007,2021,0,0,0,0
Alex Pietrangelo,763,110,343,453,0.594,241,2,2008,2021,0,1,2,0
Mark Scheifele,523,182,267,449,0.8590000000000001,225,1,2011,2021,0,0,2,0
Johnny Gaudreau,467,153,296,449,0.961,100,1,2013,2021,0,0,5,0
Ryan Nugent-Hopkins,610,171,277,448,0.7340000000000001,201,1,2011,2021,0,0,1,0
Milan Michalek,747,208,238,446,0.597,394,1,2003,2017,0,0,1,0
Ryan Johansen,664,144,299,443,0.667,409,1,2011,2021,0,0,1,0
Jonathan Huberdeau,538,149,292,441,0.82,253,1,2012,2021,1,0,1,0
Brandon Dubinsky,823,153,285,438,0.532,905,1,2006,2021,0,0,0,0
Tyler Bozak,737,162,272,434,0.589,212,1,2009,2021,0,1,0,0
Mark Streit,786,96,338,434,0.552,374,2,2005,2018,0,1,1,0
Brayden Schenn,662,181,251,432,0.653,357,1,2009,2021,0,1,1,0
Niklas Kronwall,953,83,349,432,0.453,564,2,2003,2019,0,1,0,0
Leon Draisaitl,428,170,259,429,1.002,144,1,2014,2021,3,0,2,0
Vladimir Tarasenko,507,214,214,428,0.8440000000000001,145,1,2012,2021,0,1,3,0
Drew Stafford,841,196,232,428,0.509,415,1,2006,2019,0,0,0,0
Jiri Hudler,708,164,264,428,0.605,243,1,2003,2017,0,1,0,0
P.K. Subban,717,105,322,427,0.596,801,2,2009,2021,1,0,3,0
Jay Bouwmeester,1240,88,336,424,0.342,635,2,2002,2020,0,1,2,0
Nathan Horton,627,203,218,421,0.6709999999999999,567,1,2003,2020,0,1,0,0
Joffrey Lupul,701,205,215,420,0.599,407,1,2003,2018,0,0,1,0
Artemi Panarin,395,150,270,420,1.063,122,1,2015,2021,1,0,0,0
Sean Monahan,544,195,220,415,0.763,119,1,2013,2021,0,0,0,0
Jason Chimera,1107,186,229,415,0.375,892,1,2000,2018,0,0,0,0
Kyle Turris,732,165,250,415,0.5670000000000001,331,1,2007,2021,0,0,0,0
Roman Josi,636,109,305,414,0.6509999999999999,234,2,2011,2021,1,0,3,0
Matt Stajan,1003,146,267,413,0.412,526,1,2002,2018,0,0,0,0
Aleksander Barkov,481,155,255,410,0.852,86,1,2013,2021,0,0,1,0
Alexandre Burrows,913,205,204,409,0.448,1134,1,2005,2018,0,0,0,0
Pascal Dupuis,871,190,219,409,0.47,387,1,2000,2017,0,2,0,0
Alex Goligoski,873,80,328,408,0.467,296,2,2007,2021,0,1,0,0
Sean Couturier,649,156,247,403,0.621,255,1,2011,2021,0,0,0,0
Alexander Edler,878,99,302,401,0.457,611,2,2006,2021,0,0,1,0
Andrew Cogliano,1013,165,234,399,0.394,345,1,2007,2021,0,0,0,0
Nazem Kadri,617,181,214,395,0.64,492,1,2009,2021,0,0,0,0
Mark Stone,454,151,242,393,0.866,149,1,2011,2021,0,0,0,0
Mats Zuccarello,576,129,263,392,0.6809999999999999,233,1,2010,2021,0,0,0,0
Yevgeni Kuznetsov,483,121,271,392,0.812,250,1,2013,2021,0,1,1,0
Dennis Wideman,815,99,288,387,0.475,503,2,2005,2017,0,0,1,0
Ryan Callahan,757,186,200,386,0.51,428,1,2006,2020,0,0,0,0
Mika Zibanejad,552,177,209,386,0.6990000000000001,159,1,2011,2021,0,0,0,0
Michael Frolik,850,159,225,384,0.452,317,1,2008,2021,0,1,0,0
Kevin Shattenkirk,684,83,301,384,0.561,412,2,2010,2021,0,1,1,0
Adam Henrique,670,187,192,379,0.5660000000000001,204,1,2010,2021,0,0,0,0
David Pastrnak,390,180,199,379,0.972,171,1,2014,2021,1,0,2,0
Johan Franzen,602,187,183,370,0.615,401,1,2005,2020,0,1,0,0
John-Michael Liles,836,87,283,370,0.443,286,2,2003,2017,0,0,0,0
Cam Atkinson,576,198,171,369,0.6409999999999999,142,1,2011,2021,0,0,2,0
Matt Moulson,650,176,193,369,0.568,122,1,2007,2018,0,0,0,0
Artyom Anisimov,754,178,189,367,0.487,214,1,2008,2021,0,0,0,0
Mikael Backlund,693,146,221,367,0.53,337,1,2008,2021,0,0,0,0
Oliver Ekman Larsson,725,125,242,367,0.506,452,2,2010,2021,0,0,2,0
Jaden Schwartz,524,146,220,366,0.698,135,1,2011,2021,0,1,0,0
Marcus Johansson,653,130,235,365,0.5589999999999999,108,1,2010,2021,0,0,0,0
Troy Brouwer,851,182,181,363,0.4270000000000001,595,1,2006,2020,0,1,0,0
Mike Hoffman,496,173,187,360,0.726,177,1,2011,2021,0,0,0,0
Kris Versteeg,643,149,209,358,0.557,374,1,2007,2018,0,2,0,0
Reilly Smith,582,146,211,357,0.613,150,1,2011,2021,0,0,0,0
Filip Forsberg,462,169,187,356,0.7709999999999999,204,1,2012,2021,0,0,1,0
Matt Niskanen,949,72,284,356,0.375,489,2,2007,2020,0,1,0,0
Dan Hamhuis,1148,59,297,356,0.31,684,2,2003,2020,0,0,0,0
Tomas Tatar,580,169,183,352,0.607,218,1,2010,2021,0,0,0,0
Mikael Granlund,541,111,241,352,0.6509999999999999,150,1,2012,2021,0,0,0,0
Brandon Saad,593,170,178,348,0.5870000000000001,112,1,2011,2021,0,2,1,0
Gustav Nyquist,570,146,202,348,0.611,144,1,2011,2021,0,0,0,0
Tyson Barrie,560,80,268,348,0.621,179,2,2011,2021,0,0,0,0
Jack Eichel,359,137,206,343,0.955,136,1,2015,2021,0,0,3,0
Kyle Palmieri,565,175,165,340,0.602,290,1,2010,2021,0,0,1,0
Tyler Johnson,536,153,187,340,0.634,170,1,2012,2021,0,1,0,0
Torey Krug,527,67,271,338,0.6409999999999999,222,2,2011,2021,0,0,0,0
Brendan Gallagher,552,174,163,337,0.611,314,1,2012,2021,0,0,0,0
Alexander Radulov,443,138,199,337,0.7609999999999999,308,1,2006,2021,0,0,0,0
Martin Hanzal,673,126,211,337,0.501,574,1,2007,2020,0,0,0,0
Brooks Laich,776,134,198,332,0.428,307,1,2003,2018,0,0,0,0
Craig Smith,664,162,169,331,0.498,266,1,2011,2021,0,0,0,0
Ondrej Palat,499,112,219,331,0.6629999999999999,153,1,2012,2021,0,1,0,0
Mikkel Bodker,709,118,209,327,0.461,116,1,2008,2020,0,0,0,0
Patrik Berglund,717,170,156,326,0.455,248,1,2008,2019,0,0,0,0
Marc-Edouard Vlasic,1040,72,254,326,0.313,404,2,2006,2021,0,0,0,0
Mathieu Perreault,631,130,194,324,0.513,304,1,2009,2021,0,0,0,0
Elias Lindholm,528,122,202,324,0.614,120,1,2013,2021,0,0,0,0
Chris Stewart,668,160,162,322,0.482,750,1,2008,2020,0,0,0,0
Alex Galchenyuk,551,136,185,321,0.583,205,1,2012,2021,0,0,0,0
Paul Martin,870,50,270,320,0.368,238,2,2003,2018,0,0,0,0
Blake Comeau,852,136,183,319,0.374,532,1,2006,2021,0,0,0,0
Chris Kreider,527,158,159,317,0.602,445,1,2011,2021,0,0,1,0
Rene Bourque,725,163,153,316,0.436,584,1,2005,2017,0,0,0,0
J.T. Miller,507,122,192,314,0.619,233,1,2012,2021,0,0,0,0
Tyler Ennis,616,133,180,313,0.508,202,1,2009,2021,0,0,0,0
Alex Killorn,588,132,181,313,0.532,337,1,2012,2021,0,1,0,0
Ron Hainsey,1132,59,252,311,0.275,443,2,2002,2020,0,1,0,0
Ryane Clowe,491,112,197,309,0.629,618,1,2005,2018,0,0,0,0
Trevor Daley,1058,89,220,309,0.292,648,2,2003,2020,0,2,0,0
Michal Rozsival,963,68,241,309,0.321,704,2,1999,2018,0,2,0,0
Nick Leddy,724,63,245,308,0.425,137,2,2010,2021,0,1,0,0
Tobias Enstrom,719,54,254,308,0.428,422,2,2007,2018,0,0,0,0
Tyler Toffoli,530,150,157,307,0.579,150,1,2012,2021,0,1,0,0
Teddy Purcell,571,101,206,307,0.5379999999999999,102,1,2007,2017,0,0,0,0
Clarke MacArthur,552,133,172,305,0.5529999999999999,343,1,2006,2020,0,0,0,0
Anders Lee,497,174,130,304,0.612,307,1,2012,2021,0,0,0,0
Joel Ward,726,133,171,304,0.419,261,1,2006,2018,0,0,0,0
Erik Johnson,777,80,223,303,0.39,476,2,2007,2021,0,0,0,0
Jack Johnson,941,70,232,302,0.321,523,2,2006,2021,0,0,0,0
Cam Fowler,684,68,234,302,0.442,185,2,2010,2021,0,0,1,0
Dougie Hamilton,555,96,205,301,0.542,360,2,2012,2021,0,0,0,0
Ryan McDonagh,665,63,238,301,0.453,274,2,2010,2021,0,1,2,0
Mitchell Marner,306,87,212,299,0.977,108,1,2016,2021,0,0,1,0
Brock Nelson,552,152,145,297,0.5379999999999999,207,1,2012,2021,0,0,0,0
Lars Eller,759,133,163,296,0.39,462,1,2009,2021,0,1,0,0
Kyle Brodziak,917,129,167,296,0.32299999999999995,462,1,2005,2020,0,0,0,0
Mikhail Grabovski,534,125,171,296,0.5539999999999999,312,1,2006,2018,0,0,0,0
Pierre-Alexandre Parenteau,491,114,182,296,0.603,342,1,2006,2017,0,0,0,0
John Klingberg,426,58,236,294,0.69,156,2,2014,2021,0,0,1,0
Nino Niederreiter,604,139,153,292,0.483,291,1,2010,2021,0,0,0,0
Jakob Silfverberg,563,138,154,292,0.519,164,1,2011,2021,0,0,0,0
Chris Kelly,845,123,168,291,0.344,417,1,2003,2018,0,1,0,0
Teuvo Teravainen,431,91,200,291,0.675,72,1,2013,2021,0,1,0,0
Auston Matthews,287,160,130,290,1.01,46,1,2016,2021,1,0,3,0
Tyler Myers,709,81,209,290,0.409,535,2,2009,2021,1,0,0,0
Steve Ott,848,109,179,288,0.34,1555,1,2002,2017,0,0,0,0
Francois Beauchemin,903,76,212,288,0.319,501,2,2002,2018,0,1,0,0
Vincent Trocheck,430,114,173,287,0.667,276,1,2013,2021,0,0,1,0
Tomas Hertl,458,135,151,286,0.624,137,1,2013,2021,0,0,1,0
Colin Wilson,632,113,173,286,0.453,138,1,2009,2020,0,0,0,0
Charlie Coyle,574,110,176,286,0.498,211,1,2012,2021,0,0,0,0
Scottie Upshall,759,138,147,285,0.375,615,1,2002,2018,0,0,0,0
Rickard Rakell,452,129,155,284,0.628,96,1,2012,2021,0,0,1,0
Nick Bonino,631,123,160,283,0.448,173,1,2009,2021,0,2,0,0
Matt Carle,730,45,238,283,0.388,251,2,2005,2017,0,0,0,0
Bo Horvat,452,125,157,282,0.624,125,1,2014,2021,0,0,1,0
Dominic Moore,897,106,176,282,0.314,487,1,2003,2018,0,0,0,0
David Desharnais,524,87,195,282,0.5379999999999999,160,1,2009,2018,0,0,0,0
Carl Soderberg,552,103,177,280,0.507,192,1,2012,2021,0,0,0,0
Jared Spurgeon,658,82,198,280,0.426,114,2,2010,2021,0,0,0,0
Brandon Sutter,733,144,134,278,0.379,147,1,2008,2021,0,0,0,0
Kevin Bieksa,808,63,215,278,0.344,1124,2,2005,2018,0,0,0,0
Kevin Hayes,455,117,160,277,0.609,134,1,2014,2021,0,0,0,0
Michael Grabner,640,175,101,276,0.431,110,1,2009,2020,0,0,0,0
Justin Faulk,632,92,184,276,0.4370000000000001,299,2,2011,2021,0,0,3,0
Nikolai Kulyomin,669,121,153,274,0.41,173,1,2008,2018,0,0,0,0
Dylan Larkin,394,110,161,271,0.688,253,1,2015,2021,0,0,1,0
Morgan Rielly,523,55,216,271,0.518,129,2,2013,2021,0,0,0,0
Jake Gardiner,622,49,222,271,0.436,215,2,2011,2021,0,0,0,0
T.J. Brodie,640,48,221,269,0.42,194,2,2010,2021,0,0,0,0
Sebastian Aho,313,122,144,266,0.85,102,1,2016,2021,0,0,1,0
Brayden Point,298,118,148,266,0.893,79,1,2016,2021,0,1,1,0
Carl Hagelin,609,101,165,266,0.4370000000000001,254,1,2011,2021,0,2,0,0
Dan Girardi,927,56,208,264,0.285,315,2,2006,2019,0,0,1,0
Fyodor Tyutin,872,55,209,264,0.303,548,2,2003,2017,0,0,0,0
Benoit Pouliot,625,130,133,263,0.421,371,1,2006,2018,0,0,0,0
Anton Stralman,820,52,210,262,0.32,267,2,2007,2021,0,0,0,0
Devin Setoguchi,516,131,130,261,0.506,177,1,2007,2017,0,0,0,0
Nikolaj Ehlers,373,117,144,261,0.7,130,1,2015,2021,0,0,0,0
Vernon Fiddler,877,104,157,261,0.298,558,1,2002,2017,0,0,0,0
Jeff Petry,685,71,189,260,0.38,269,2,2010,2021,0,0,0,0
Sam Reinhart,405,111,147,258,0.637,80,1,2014,2021,0,0,0,0
Seth Jones,529,60,198,258,0.488,168,2,2013,2021,0,0,3,0
Stephane Robidas,937,57,201,258,0.275,713,2,1999,2017,0,0,1,0
Jason Zucker,476,138,118,256,0.5379999999999999,177,1,2011,2021,0,0,0,0
Jannik Hansen,626,109,147,256,0.409,282,1,2006,2018,0,0,0,0
Mikko Rantanen,286,103,153,256,0.895,126,1,2015,2021,0,0,1,0
Jonathan Marchessault,354,113,142,255,0.72,183,1,2012,2021,0,0,0,0
Ryan Strome,495,95,159,254,0.513,268,1,2013,2021,0,0,0,0
Max Domi,380,81,172,253,0.6659999999999999,302,1,2015,2021,0,0,0,0
Ryan Ellis,531,70,183,253,0.476,179,2,2011,2021,0,0,0,0
Jake Muzzin,585,62,191,253,0.4320000000000001,356,2,2010,2021,0,1,0,0
Justin Abdelkader,739,106,146,252,0.341,608,1,2007,2020,0,0,0,0
Mason Raymond,546,115,136,251,0.46,156,1,2007,2017,0,0,0,0
Daniel Winnik,798,82,169,251,0.315,367,1,2007,2018,0,0,0,0
Dennis Seidenberg,859,44,207,251,0.292,359,2,2002,2019,0,1,0,0
Patrik Laine,306,140,110,250,0.8170000000000001,118,1,2016,2021,0,0,1,0
Chris Neil,1026,112,138,250,0.244,2522,1,2001,2017,0,0,0,0
Andy Greene,937,49,200,249,0.266,261,2,2006,2021,0,0,0,0
Andrew Shaw,535,115,130,245,0.458,569,1,2011,2021,0,2,0,0
Brad Richardson,812,107,137,244,0.3,406,1,2005,2021,0,1,0,0
Jay McClement,906,90,154,244,0.269,325,1,2005,2017,0,0,0,0
Andrej Sekera,765,47,197,244,0.319,194,2,2006,2021,0,0,0,0
Darren Helm,698,109,134,243,0.348,228,1,2007,2021,0,1,0,0
Patrick Eaves,633,132,110,242,0.382,210,1,2005,2020,0,0,0,0
Michael Del Zotto,662,56,183,239,0.361,272,2,2009,2021,0,0,0,0
Matthew Tkachuk,296,96,142,238,0.804,304,1,2016,2021,0,0,1,0
Cal Clutterbuck,828,120,117,237,0.28600000000000003,616,1,2007,2021,0,0,0,0
Cody Eakin,591,103,134,237,0.401,242,1,2011,2021,0,0,0,0
David Booth,530,124,112,236,0.445,216,1,2006,2018,0,0,0,0
Kris Russell,849,46,190,236,0.278,259,2,2007,2021,0,0,0,0
Braydon Coburn,968,49,184,233,0.241,708,2,2005,2021,0,1,0,0
William Karlsson,415,101,131,232,0.5589999999999999,62,1,2014,2021,0,0,0,0
Brian Boyle,805,130,101,231,0.287,588,1,2007,2020,0,0,1,0
Steve Bernier,637,105,125,230,0.361,300,1,2005,2018,0,0,0,0
Pat Maroon,516,97,132,229,0.444,586,1,2011,2021,0,2,0,0
William Nylander,313,88,140,228,0.728,76,1,2015,2021,0,0,0,0
Rasmus Ristolainen,498,43,185,228,0.458,259,2,2013,2021,0,0,0,0
Boone Jenner,494,115,111,226,0.457,303,1,2013,2021,0,0,0,0
Andrew Ference,907,43,182,225,0.248,753,2,1999,2017,0,1,0,0
Tom Gilbert,655,45,178,223,0.34,198,2,2006,2017,0,0,0,0
Eric Fehr,652,113,108,221,0.339,217,1,2005,2019,0,1,0,0
Jamie McGinn,617,117,103,220,0.35700000000000004,267,1,2008,2019,0,0,0,0
Viktor Arvidsson,339,118,99,217,0.64,151,1,2014,2021,0,0,0,0
Tanner Pearson,463,108,109,217,0.469,134,1,2012,2021,0,1,0,0
Aaron Ekblad,460,72,142,214,0.465,275,2,2014,2021,1,0,2,0
Justin Schultz,487,50,164,214,0.439,110,2,2012,2021,0,2,0,0
Jonathan Drouin,354,67,146,213,0.602,128,1,2014,2021,0,0,0,0
Cody Franson,550,43,169,212,0.385,202,2,2009,2018,0,0,0,0
Mathew Barzal,238,61,150,211,0.887,134,1,2016,2021,1,0,2,0
Mark Letestu,567,93,117,210,0.37,90,1,2009,2020,0,0,0,0
Jason Demers,663,45,165,210,0.317,391,2,2009,2021,0,0,0,0
Alec Martinez,612,64,145,209,0.342,193,2,2009,2021,0,2,0,0
Kyle Connor,253,108,100,208,0.8220000000000001,74,1,2016,2021,0,0,0,0
Nick Bjugstad,444,97,111,208,0.468,202,1,2012,2021,0,0,0,0
Dave Bolland,433,85,123,208,0.48,299,1,2006,2019,0,2,0,0
Johnny Boychuk,725,54,152,206,0.284,331,2,2007,2021,0,1,0,0
Jacob Trouba,482,49,157,206,0.4270000000000001,360,2,2013,2021,0,0,0,0
Jake Guentzel,248,99,105,204,0.823,98,1,2016,2021,0,1,0,0
Zack Smith,662,98,106,204,0.308,722,1,2008,2021,0,0,0,0
Yevgeni Dadonov,284,91,112,203,0.715,42,1,2009,2021,0,0,0,0
Alexander Wennberg,417,40,162,202,0.484,85,1,2014,2021,0,0,0,0
Matt Calvert,553,95,106,201,0.363,370,1,2010,2021,0,0,0,0
Lauri Korpikoski,609,86,115,201,0.33,132,1,2007,2017,0,0,0,0
David Clarkson,570,114,86,200,0.35100000000000003,992,1,2006,2020,0,0,0,0
Shayne Gostisbehere,340,51,148,199,0.585,123,2,2014,2021,0,0,0,0
Mattias Ekholm,542,45,152,197,0.363,265,2,2011,2021,0,0,0,0
Zach Bogosian,650,53,143,196,0.302,575,2,2008,2021,0,1,0,0
Hampus Lindholm,508,51,144,195,0.384,260,2,2013,2021,0,0,0,0
Tom Wilson,527,81,113,194,0.368,1029,1,2012,2021,0,1,0,0
Sami Vatanen,434,45,149,194,0.447,192,2,2012,2021,0,0,0,0
Brooks Orpik,1035,18,176,194,0.187,972,2,2002,2019,0,2,0,0
Andre Burakovsky,388,84,109,193,0.4970000000000001,99,1,2014,2021,0,1,0,0
Travis Konecny,304,88,104,192,0.632,163,1,2016,2021,0,0,1,0
Chris Tierney,440,64,128,192,0.436,90,1,2014,2021,0,0,0,0
Johnny Oduya,850,41,149,190,0.224,372,2,2006,2018,0,2,0,0
Travis Hamonic,642,37,153,190,0.29600000000000004,595,2,2010,2021,0,0,0,0
Vladislav Namestnikov,430,83,106,189,0.44,227,1,2013,2021,0,0,0,0
Marc Staal,897,43,146,189,0.211,434,2,2007,2021,0,0,1,0
Brett Connolly,498,98,90,188,0.378,222,1,2011,2021,0,1,0,0
Matt Read,449,88,100,188,0.419,83,1,2011,2019,0,0,0,0
Paul Byron,453,89,98,187,0.413,125,1,2010,2021,0,0,0,0
Alex Chiasson,524,92,94,186,0.355,296,1,2012,2021,0,1,0,0
Jean-Gabriel Pageau,439,90,96,186,0.424,172,1,2012,2021,0,0,0,0
Antoine Roussel,525,80,106,186,0.354,981,1,2012,2021,0,0,0,0
Marcus Foligno,570,76,109,185,0.325,493,1,2011,2021,0,0,0,0
Calle Jarnkrok,462,82,102,184,0.398,99,1,2013,2021,0,0,0,0
Richard Panik,474,84,98,182,0.384,256,1,2012,2021,0,0,0,0
Victor Rask,410,71,109,180,0.439,82,1,2014,2021,0,0,0,0
Dmitri Orlov,520,37,143,180,0.34600000000000003,207,2,2011,2021,0,1,0,0
Alex DeBrincat,239,89,89,178,0.745,38,1,2017,2021,0,0,0,0
Zack Kassian,530,82,96,178,0.336,787,1,2011,2021,0,0,0,0
Phillip Danault,344,50,128,178,0.517,158,1,2014,2021,0,0,0,0
Zbynek Michalek,784,42,136,178,0.227,322,2,2003,2017,0,0,0,0
John Mitchell,548,70,107,177,0.32299999999999995,267,1,2008,2017,0,0,0,0
Matt Dumba,416,64,113,177,0.425,231,2,2013,2021,0,0,0,0
Anthony Mantha,265,85,91,176,0.664,171,1,2015,2021,0,0,0,0
Erik Haula,409,85,91,176,0.43,186,1,2013,2021,0,0,0,0
Nick Schultz,1066,30,145,175,0.16399999999999998,483,2,2001,2017,0,0,0,0
Shawn Matthias,551,90,84,174,0.316,180,1,2007,2018,0,0,0,0
Bryan Rust,313,79,95,174,0.556,104,1,2014,2021,0,2,0,0
Justin Braun,674,27,146,173,0.257,244,2,2010,2021,0,0,0,0
Casey Cizikas,538,74,97,171,0.318,237,1,2011,2021,0,0,0,0
Vladimir Sobotka,548,53,118,171,0.312,362,1,2007,2020,0,0,0,0
Dmitri Kulikov,681,35,135,170,0.25,427,2,2009,2021,0,0,0,0
Zach Werenski,305,58,111,169,0.5539999999999999,63,2,2016,2021,0,0,1,0
Viktor Stalberg,488,82,86,168,0.344,245,1,2009,2017,0,1,0,0
Ryan Dzingel,335,75,93,168,0.501,135,1,2015,2021,0,0,0,0
Ryan Spooner,325,48,119,167,0.514,63,1,2012,2019,0,0,0,0
Niklas Hjalmarsson,786,25,142,167,0.212,318,2,2007,2021,0,3,0,0
Brock Boeser,203,79,87,166,0.818,56,1,2016,2021,0,0,1,0
Riley Sheahan,518,67,99,166,0.32,83,1,2011,2021,0,0,0,0
Riley Nash,546,61,104,165,0.302,130,1,2011,2021,0,0,0,0
Anthony Duclair,355,79,85,164,0.462,115,1,2014,2021,0,0,1,0
Trevor Lewis,678,70,94,164,0.242,171,1,2008,2021,0,2,0,0
Damon Severson,434,37,127,164,0.378,266,2,2014,2021,0,0,0,0
Leo Komarov,457,62,100,162,0.354,190,1,2012,2021,0,0,1,0
Jordin Tootoo,723,65,96,161,0.223,1010,1,2003,2017,0,0,0,0
Clayton Keller,242,56,105,161,0.665,80,1,2016,2021,0,0,1,0
Boyd Gordon,706,56,105,161,0.228,149,1,2003,2017,0,0,0,0
David Savard,562,40,121,161,0.28600000000000003,309,2,2011,2021,0,0,0,0
Colton Parayko,390,39,122,161,0.413,111,2,2015,2021,0,1,0,0
Andrew MacDonald,586,28,133,161,0.275,276,2,2008,2019,0,0,0,0
Andreas Athanasiou,307,87,73,160,0.521,117,1,2015,2021,0,0,0,0
Timo Meier,268,77,83,160,0.597,158,1,2016,2021,0,0,0,0
Jason Garrison,555,49,111,160,0.28800000000000003,229,2,2008,2019,0,0,0,0
Kevin Fiala,292,72,87,159,0.545,128,1,2014,2021,0,0,0,0
Pierre-Luc Dubois,239,66,93,159,0.665,164,1,2017,2021,0,0,0,0
Matt Beleskey,477,76,82,158,0.331,440,1,2008,2019,0,0,0,0
Joonas Donskoi,353,63,95,158,0.448,92,1,2015,2021,0,0,0,0
Kyle Quincey,586,36,122,158,0.27,548,2,2005,2018,0,0,0,0
Nate Thompson,771,62,94,156,0.202,366,1,2006,2021,0,0,0,0
Oscar Klefbom,378,34,122,156,0.413,74,2,2013,2021,0,0,0,0
Zach Hyman,308,72,83,155,0.503,177,1,2015,2021,0,0,0,0
Nick Schmaltz,254,48,107,155,0.61,52,1,2016,2021,0,0,0,0
Michael Raffl,475,79,75,154,0.324,188,1,2013,2021,0,0,0,0
Yanni Gourde,257,64,90,154,0.599,175,1,2015,2021,0,1,0,0
Kevin Klein,627,38,116,154,0.246,185,2,2005,2017,0,0,0,0
Matt Nieto,477,63,90,153,0.321,82,1,2013,2021,0,0,0,0
Torrey Mitchell,666,67,85,152,0.228,351,1,2007,2018,0,0,0,0
Jaccob Slavin,380,29,123,152,0.4,58,2,2015,2021,0,0,1,0
Conor Sheary,328,72,79,151,0.46,66,1,2015,2021,0,2,0,0
Pavel Buchnevich,251,61,90,151,0.602,70,1,2016,2021,0,0,0,0
Kevin Labanc,289,51,100,151,0.522,132,1,2016,2021,0,0,0,0
Nathan Gerbe,426,62,86,148,0.34700000000000003,194,1,2008,2021,0,0,0,0
Jonas Brodin,560,31,117,148,0.264,164,2,2012,2021,0,0,0,0
Luke Schenn,761,31,117,148,0.194,573,2,2008,2021,0,1,0,0
Jesper Fast,425,55,92,147,0.34600000000000003,116,1,2013,2021,0,0,0,0
Connor Brown,328,59,86,145,0.442,70,1,2015,2021,0,0,0,0
Tommy Wingels,448,62,81,143,0.319,254,1,2010,2018,0,0,0,0
Colton Sceviour,459,61,82,143,0.312,108,1,2010,2021,0,0,0,0
Nick Holden,496,45,96,141,0.284,150,2,2010,2021,0,0,0,0
Nate Schmidt,402,30,111,141,0.35100000000000003,84,2,2013,2021,0,0,0,0
Roman Polak,806,26,114,140,0.174,643,2,2006,2020,0,0,0,0
Tobias Rieder,439,60,79,139,0.317,50,1,2014,2021,0,0,0,0
Oliver Bjorkstrand,251,67,71,138,0.55,54,1,2015,2021,0,0,0,0
Sven Bartschi,291,66,72,138,0.474,78,1,2011,2020,0,0,0,0
Zemgus Girgensons,489,61,77,138,0.282,130,1,2013,2021,0,0,1,0
Noah Hanifin,392,28,110,138,0.35200000000000004,97,2,2015,2021,0,0,1,0
Ian Cole,545,26,112,138,0.253,507,2,2010,2021,0,2,0,0
Jakub Vrana,250,68,69,137,0.5479999999999999,61,1,2016,2021,0,1,0,0
Jay Beagle,589,56,81,137,0.233,217,1,2008,2021,0,1,0,0
Marco Scandella,583,42,95,137,0.235,233,2,2010,2021,0,0,0,0
Carl Gunnarsson,619,30,107,137,0.221,175,2,2009,2021,0,1,0,0
Bryan Bickell,395,66,70,136,0.344,192,1,2006,2017,0,2,0,0
Nail Yakupov,350,62,74,136,0.389,142,1,2012,2018,0,0,0,0
Derek Ryan,305,51,85,136,0.446,88,1,2015,2021,0,0,0,0
Nico Hischier,209,51,84,135,0.6459999999999999,62,1,2017,2021,0,0,1,0
Ivan Provorov,320,44,91,135,0.422,112,2,2016,2021,0,0,0,0
Shea Theodore,269,39,96,135,0.502,91,2,2015,2021,0,0,0,0
Micheal Ferland,335,60,74,134,0.4,200,1,2014,2021,0,0,0,0
Chris Thorburn,801,53,81,134,0.16699999999999998,968,1,2005,2019,0,0,0,0
Kyle Clifford,679,62,71,133,0.196,844,1,2010,2021,0,2,0,0
Elias Pettersson,145,55,78,133,0.917,34,1,2018,2021,1,0,2,0
Matt Martin,696,61,70,131,0.188,948,1,2009,2021,0,0,0,0
Karl Alzner,686,20,110,130,0.19,219,2,2008,2020,0,0,0,0
Anthony Beauvillier,290,66,62,128,0.441,49,1,2016,2021,0,0,0,0
Sam Bennett,367,63,65,128,0.349,304,1,2014,2021,0,0,0,0
Radek Faksa,352,60,68,128,0.364,217,1,2015,2021,0,0,0,0
Adam Larsson,553,22,106,128,0.231,327,2,2011,2021,0,0,0,0
Cody McLeod,775,72,55,127,0.16399999999999998,1628,1,2007,2019,0,0,0,0
Derek Dorsett,515,51,76,127,0.247,1314,1,2008,2019,0,0,0,0
Cody Ceci,498,33,94,127,0.255,110,2,2013,2021,0,0,0,0
Deryk Engelland,671,30,97,127,0.189,579,2,2009,2020,0,0,0,0
Jared McCann,315,53,73,126,0.4,116,1,2015,2021,0,0,0,0
Adam Lowry,412,59,66,125,0.303,215,1,2014,2021,0,0,0,0
Dale Weise,513,55,70,125,0.244,355,1,2010,2020,0,0,0,0
Derek MacKenzie,611,51,74,125,0.205,337,1,2001,2019,0,0,0,0
Jonathan Ericsson,680,27,98,125,0.184,535,2,2007,2020,0,0,0,0
Magnus Paajarvi,467,62,62,124,0.266,78,1,2010,2019,0,0,0,0
Michael Stone,472,31,93,124,0.263,264,2,2011,2021,0,0,0,0
Olli Maatta,431,29,95,124,0.28800000000000003,120,2,2013,2021,0,2,0,0
Josh Gorges,783,17,107,124,0.158,404,2,2005,2018,0,0,0,0
Marcus Kruger,520,38,85,123,0.237,234,1,2010,2019,0,2,0,0
Darnell Nurse,356,30,93,123,0.34600000000000003,301,2,2014,2021,0,0,0,0
Danny DeKeyser,446,29,94,123,0.276,228,2,2012,2021,0,0,0,0
Marc Methot,624,22,101,123,0.197,380,2,2006,2019,0,0,0,0
Drew Miller,571,62,60,122,0.214,136,1,2006,2017,0,1,0,0
Tyler Bertuzzi,204,50,72,122,0.598,119,1,2016,2021,0,0,1,0
Erik Gustafsson,226,28,94,122,0.54,71,2,2015,2021,0,0,0,0
Brandon Pirri,276,72,49,121,0.438,91,1,2010,2021,0,0,0,0
Thomas Chabot,209,30,91,121,0.579,96,2,2016,2021,0,0,1,0
Radko Gudas,481,26,95,121,0.252,619,2,2012,2021,0,0,0,0
Jake DeBrusk,207,62,58,120,0.58,51,1,2017,2021,0,0,0,0
Christian Dvorak,251,51,69,120,0.478,62,1,2016,2021,0,0,0,0
Matt Hunwick,535,25,94,119,0.222,207,2,2007,2020,0,0,0,0
Christopher Tanev,517,22,97,119,0.23,121,2,2010,2021,0,0,0,0
Josh Anderson,272,68,50,118,0.434,218,1,2014,2021,0,0,0,0
Jordie Benn,517,23,94,117,0.226,213,2,2011,2021,0,0,0,0
Joel Armia,300,57,59,116,0.387,98,1,2014,2021,0,0,0,0
Matt Hendricks,607,54,62,116,0.191,722,1,2008,2019,0,0,0,0
Alexander Kerfoot,228,44,72,116,0.509,100,1,2017,2021,0,0,0,0
Brenden Dillon,603,23,93,116,0.192,583,2,2011,2021,0,0,0,0
John Moore,532,38,77,115,0.21600000000000005,222,2,2010,2021,0,0,0,0
Thomas Hickey,449,22,93,115,0.256,190,2,2012,2021,0,0,0,0
Nick Ritchie,298,46,68,114,0.383,352,1,2015,2021,0,0,0,0
Joe Colborne,295,42,72,114,0.386,144,1,2010,2017,0,0,0,0
Frank Vatrano,276,66,47,113,0.409,130,1,2015,2021,0,0,0,0
Brady Skjei,317,25,88,113,0.35600000000000004,180,2,2015,2021,0,0,0,0
Luca Sbisa,548,20,93,113,0.206,385,2,2008,2021,0,0,0,0
Jimmy Vesey,310,61,51,112,0.361,84,1,2016,2021,0,0,0,0
Melker Karlsson,396,60,52,112,0.28300000000000003,130,1,2014,2020,0,0,0,0
Andrew Copp,360,46,66,112,0.311,56,1,2014,2021,0,0,0,0
Ryan Hartman,319,52,59,111,0.348,287,1,2014,2021,0,0,0,0
Luke Glendening,505,51,60,111,0.22,176,1,2013,2021,0,0,0,0
Jori Lehtera,307,34,77,111,0.362,167,1,2014,2019,0,0,0,0
Mattias Janmark,302,47,63,110,0.364,76,1,2015,2021,0,0,0,0
Alex Tuch,205,45,65,110,0.537,49,1,2016,2021,0,0,0,0
Jamie McBain,348,30,80,110,0.316,72,2,2009,2017,0,0,0,0
Josh Morrissey,292,24,86,110,0.377,125,2,2015,2021,0,0,0,0
Colin Miller,306,23,87,110,0.359,215,2,2015,2021,0,0,0,0
Ryan Murray,351,15,95,110,0.313,104,2,2013,2021,0,0,0,0
Artturi Lehkonen,296,55,54,109,0.368,86,1,2016,2021,0,0,0,0
Jimmy Hayes,334,54,55,109,0.326,149,1,2011,2018,0,0,0,0
Dwight King,365,53,56,109,0.299,98,1,2010,2017,0,2,0,0
Dylan Strome,169,37,72,109,0.645,46,1,2016,2021,0,0,0,0
Ryan Pulock,238,31,78,109,0.458,55,2,2015,2021,0,0,0,0
Scott Laughton,326,44,64,108,0.331,178,1,2012,2021,0,0,0,0
Danton Heinen,234,37,71,108,0.462,44,1,2016,2021,0,0,0,0
Pavel Zacha,270,37,71,108,0.4,78,1,2015,2021,0,0,0,0
Devin Shore,293,40,67,107,0.365,51,1,2015,2021,0,0,0,0
Mikhail Sergachyov,231,25,82,107,0.463,126,2,2016,2021,0,1,0,0
Robby Fabbri,218,47,58,105,0.482,78,1,2015,2021,0,1,0,0
Adrian Kempe,260,43,62,105,0.404,138,1,2016,2021,0,0,0,0
Tony DeAngelo,202,24,81,105,0.52,176,2,2016,2021,0,0,0,0
Jordan Martinook,377,43,61,104,0.276,163,1,2014,2021,0,0,0,0
Andrei Svechnikov,153,47,56,103,0.6729999999999999,118,1,2018,2021,0,0,0,0
Alex Iafallo,231,41,62,103,0.446,48,1,2017,2021,0,0,0,0
Gabriel Bourque,413,40,63,103,0.249,75,1,2011,2020,0,0,0,0
Shawn Thornton,705,42,60,102,0.145,1103,1,2002,2017,0,2,0,0
Brett Pesce,353,20,82,102,0.289,105,2,2015,2021,0,0,0,0
Ben Lovejoy,544,20,82,102,0.188,287,2,2008,2019,0,1,0,0
Calvin de Haan,412,15,87,102,0.248,150,2,2011,2021,0,0,0,0
Markus Granlund,335,58,43,101,0.301,86,1,2013,2020,0,0,0,0
Devante Smith-Pelly,395,44,57,101,0.256,137,1,2011,2019,0,1,0,0
Tom Pyatt,445,43,58,101,0.227,71,1,2009,2019,0,0,0,0
Alexander Burmistrov,348,37,64,101,0.29,139,1,2010,2018,0,0,0,0
Valeri Nichushkin,293,36,65,101,0.345,36,1,2013,2021,0,0,0,0
Esa Lindell,309,28,73,101,0.327,91,2,2015,2021,0,0,0,0
Brendan Smith,480,24,77,101,0.21,523,2,2011,2021,0,0,0,0
Miles Wood,272,51,49,100,0.368,327,1,2015,2021,0,0,0,0
Jesper Bratt,185,37,63,100,0.541,30,1,2017,2021,0,0,0,0
Vinnie Hinostroza,247,34,66,100,0.405,61,1,2015,2021,0,0,0,0
Erik Condra,372,40,59,99,0.266,176,1,2010,2019,0,0,0,0
Blake Coleman,249,59,39,98,0.394,206,1,2016,2021,0,1,0,0
Anthony Cirelli,171,41,57,98,0.573,70,1,2017,2021,0,1,0,0
Nick Cousins,328,41,57,98,0.299,142,1,2014,2021,0,0,0,0
Connor Murphy,449,26,72,98,0.218,246,2,2013,2021,0,0,0,0
Ryan Reaves,654,48,49,97,0.14800000000000002,910,1,2010,2021,0,0,0,0
Ondrej Kase,206,43,54,97,0.471,48,1,2016,2021,0,0,0,0
Johan Larsson,398,38,59,97,0.244,194,1,2012,2021,0,0,0,0
Josh Manson,388,21,76,97,0.25,350,2,2014,2021,0,0,0,0
Jake Virtanen,285,51,45,96,0.337,182,1,2015,2021,0,0,0,0
Will Butcher,215,13,82,95,0.442,32,2,2017,2021,0,0,0,0
Yannick Weber,497,28,66,94,0.189,195,2,2008,2020,0,0,0,0
David Schlemko,415,18,76,94,0.227,124,2,2008,2019,0,0,0,0
Colton Sissons,326,47,46,93,0.285,113,1,2013,2021,0,0,0,0
Brock McGinn,311,43,50,93,0.299,75,1,2015,2021,0,0,0,0
Mark Stuart,673,26,67,93,0.138,722,2,2005,2017,0,0,0,0
Brady Tkachuk,146,44,48,92,0.63,190,1,2018,2021,0,0,1,0
J.T. Compher,228,43,49,92,0.404,77,1,2016,2021,0,0,0,0
Kasperi Kapanen,204,41,51,92,0.451,55,1,2015,2021,0,0,0,0
Brandon Montour,248,24,68,92,0.371,142,2,2016,2021,0,0,0,0
Charlie McAvoy,188,19,73,92,0.489,147,2,2016,2021,0,0,0,0
Mike Matheson,301,33,58,91,0.302,161,2,2015,2021,0,0,0,0
Brayden McNabb,471,18,72,90,0.191,367,2,2011,2021,0,0,0,0
Nathan Beaulieu,374,12,78,90,0.241,263,2,2012,2021,0,0,0,0
Samuel Girard,230,12,77,89,0.387,33,2,2017,2021,0,0,0,0
Mark Pysyk,418,22,66,88,0.211,126,2,2012,2021,0,0,0,0
Neal Pionk,176,13,75,88,0.5,79,2,2017,2021,0,0,0,0
Ryan Garbutt,305,39,48,87,0.285,283,1,2011,2017,0,0,0,0
Pierre-Edouard Bellemare,459,38,49,87,0.19,106,1,2014,2021,0,0,0,0
Ben Chiarot,379,22,64,86,0.227,264,2,2013,2021,0,0,0,0
Ben Hutton,341,15,71,86,0.252,125,2,2015,2021,0,0,0,0
Chris Butler,407,14,72,86,0.211,187,2,2008,2019,0,0,0,0
Nicklas Grossmann,592,13,73,86,0.145,314,2,2006,2017,0,0,0,0
Cedric Paquette,381,47,38,85,0.223,349,1,2013,2021,0,1,0,0
Peter Holland,266,36,49,85,0.32,112,1,2011,2018,0,0,0,0
Jakob Chychrun,239,29,56,85,0.35600000000000004,133,2,2016,2021,0,0,0,0
Jack Skille,368,43,41,84,0.228,118,1,2007,2017,0,0,0,0
Rasmus Dahlin,146,13,71,84,0.575,74,2,2018,2021,0,0,0,0
Sven Andrighetto,216,31,52,83,0.384,42,1,2014,2019,0,0,0,0
Vince Dunn,228,26,57,83,0.364,94,2,2017,2021,0,1,0,0
Brian Dumoulin,352,11,72,83,0.236,96,2,2013,2021,0,2,0,0
Matt Irwin,359,22,60,82,0.228,150,2,2012,2021,0,0,0,0
Alexei Yemelin,456,15,66,81,0.17800000000000002,363,2,2011,2018,0,0,0,0
Matt Greene,615,17,63,80,0.13,663,2,2005,2017,0,2,0,0
Nikita Zaitsev,285,13,67,80,0.281,111,2,2016,2021,0,0,0,0
Drake Caggiula,227,41,38,79,0.348,117,1,2016,2021,0,0,0,0
Oscar Lindberg,252,39,40,79,0.313,117,1,2014,2019,0,0,0,0
Ivan Barbashyov,236,37,42,79,0.335,46,1,2016,2021,0,1,0,0
Brandon Tanev,268,37,42,79,0.295,103,1,2015,2021,0,0,0,0
Austin Watson,310,37,41,78,0.252,364,1,2012,2021,0,0,0,0
Robert Thomas,140,19,58,77,0.55,34,1,2018,2021,0,1,0,0
Brendan Perlini,239,46,30,76,0.318,86,1,2016,2020,0,0,0,0
Lance Bouma,357,30,46,76,0.213,210,1,2010,2018,0,0,0,0
Kevin Connauton,314,27,49,76,0.242,177,2,2013,2021,0,0,0,0
Nikita Zadorov,361,22,54,76,0.211,385,2,2013,2021,0,0,0,0
Jake McCabe,345,18,58,76,0.22,199,2,2013,2021,0,0,0,0
Tyler Pitlick,253,42,33,75,0.29600000000000004,66,1,2013,2021,0,0,0,0
Cory Conacher,193,28,47,75,0.389,118,1,2012,2020,0,0,0,0
Barclay Goodrow,279,26,49,75,0.269,256,1,2014,2021,0,1,0,0
Troy Stecher,291,11,64,75,0.258,124,2,2016,2021,0,0,0,0
Patrick Wiercioch,268,16,58,74,0.276,138,2,2010,2017,0,0,0,0
Jakub Kindl,331,16,58,74,0.224,181,2,2009,2017,0,0,0,0
Evan Rodrigues,204,28,45,73,0.358,57,1,2015,2021,0,0,0,0
Joel Edmundson,342,20,53,73,0.213,322,2,2015,2021,0,1,0,0
Erik Gudbranson,522,20,53,73,0.14,585,2,2011,2021,0,0,0,0
Adam McQuaid,512,16,57,73,0.14300000000000002,694,2,2009,2019,0,1,0,0
Tyson Jost,213,32,40,72,0.338,68,1,2016,2021,0,0,0,0
J.T. Brown,365,23,49,72,0.197,221,1,2011,2019,0,0,0,0
Travis Sanheim,205,20,52,72,0.35100000000000003,74,2,2017,2021,0,0,0,0
Ladislav Smid,583,12,60,72,0.123,472,2,2006,2017,0,0,0,0
Derek Grant,269,31,40,71,0.264,87,1,2012,2021,0,0,0,0
Joel Eriksson Ek,215,27,44,71,0.33,68,1,2016,2021,0,0,0,0
Jordan Weal,218,32,37,69,0.317,56,1,2015,2020,0,0,0,0
Dmitrij Jaskin,303,27,42,69,0.228,88,1,2012,2019,0,0,0,0
Dominik Kahun,144,25,44,69,0.479,14,1,2018,2021,0,0,0,0
Tanner Glass,527,24,45,69,0.131,658,1,2007,2018,0,0,0,0
Miro Heiskanen,151,20,49,69,0.457,28,2,2018,2021,0,0,1,0
Trevor van Riemsdyk,364,15,54,69,0.19,102,2,2014,2021,0,1,0,0
Joakim Nordstrom,401,31,37,68,0.17,71,1,2013,2021,0,1,0,0
Kevan Miller,328,12,56,68,0.207,268,2,2013,2021,0,0,0,0
Mark Jankowski,213,37,30,67,0.315,59,1,2016,2021,0,0,0,0
Andreas Johnsson,129,30,37,67,0.519,46,1,2017,2021,0,0,0,0
Jack Roslovic,180,26,41,67,0.3720000000000001,18,1,2016,2021,0,0,0,0
Brian Gibbons,204,25,42,67,0.328,58,1,2013,2020,0,0,0,0
Josh Leivo,172,31,35,66,0.384,56,1,2013,2021,0,0,0,0
Jared Boll,579,28,38,66,0.114,1298,1,2007,2018,0,0,0,0
Nicolas Deslauriers,381,33,32,65,0.171,355,1,2013,2021,0,0,0,0
Oskar Sundqvist,205,30,35,65,0.317,76,1,2015,2021,0,1,0,0
Nolan Patrick,150,27,38,65,0.433,59,1,2017,2021,0,0,0,0
Nic Dowd,256,26,39,65,0.254,107,1,2015,2021,0,0,0,0
Mikhail Grigorenko,222,22,43,65,0.293,30,1,2012,2021,0,0,0,0
Cody McCormick,405,21,44,65,0.16,550,1,2003,2017,0,0,0,0
Mark Fayne,389,17,48,65,0.16699999999999998,131,2,2010,2017,0,0,0,0
Lawson Crouse,235,32,32,64,0.272,157,1,2016,2021,0,0,0,0
Beau Bennett,200,24,40,64,0.32,52,1,2012,2018,0,0,0,0
Andrew Desjardins,408,23,41,64,0.157,307,1,2010,2017,0,1,0,0
Curtis Lazar,289,22,42,64,0.221,68,1,2014,2021,0,0,0,0
Jacob Josefson,315,20,44,64,0.203,84,1,2010,2018,0,0,0,0
Dominik Simon,175,19,45,64,0.366,46,1,2015,2021,0,0,0,0
Dylan DeMelo,269,7,57,64,0.238,131,2,2015,2021,0,0,0,0
Conor Garland,120,37,26,63,0.525,36,1,2018,2021,0,0,0,0
Christian Fischer,218,35,28,63,0.289,57,1,2016,2021,0,0,0,0
Andrej Sustr,324,10,53,63,0.194,147,2,2012,2019,0,0,0,0
Adam Pelech,251,12,50,62,0.247,80,2,2015,2021,0,0,0,0
Jon Merrill,360,12,50,62,0.172,197,2,2013,2021,0,0,0,0
Quinn Hughes,79,8,54,62,0.785,28,2,2018,2021,0,0,1,0
Ryan White,313,31,30,61,0.195,447,1,2009,2017,0,0,0,0
Brian Flynn,275,27,34,61,0.222,32,1,2012,2017,0,0,0,0
Matt Benning,252,15,46,61,0.242,130,2,2016,2021,0,0,0,0
Michal Kempny,232,14,47,61,0.263,130,2,2016,2021,0,1,0,0
Brett Ritchie,268,35,25,60,0.224,177,1,2014,2020,0,0,0,0
Oskar Lindblom,139,32,28,60,0.4320000000000001,32,1,2017,2021,0,0,0,0
Marcus Sorensen,202,31,29,60,0.297,58,1,2016,2021,0,0,0,0
Denis Malgin,192,28,32,60,0.313,42,1,2016,2020,0,0,0,0
Markus Nutivaara,244,17,43,60,0.246,30,2,2016,2021,0,0,0,0
Zach Sanford,161,28,31,59,0.366,61,1,2016,2021,0,1,0,0
Lucas Wallmark,172,23,36,59,0.343,60,1,2016,2021,0,0,0,0
Sean Kuraly,227,20,39,59,0.26,122,1,2016,2021,0,0,0,0
Nick Shore,299,18,41,59,0.197,98,1,2014,2020,0,0,0,0
Brendan Leipsic,187,16,43,59,0.316,53,1,2015,2020,0,0,0,0
Noel Acciari,248,38,20,58,0.234,101,1,2015,2021,0,0,0,0
Chris Wagner,321,35,23,58,0.181,171,1,2014,2021,0,0,0,0
Josh Archibald,189,33,25,58,0.307,56,1,2015,2021,0,1,0,0
Ryan Donato,135,30,28,58,0.43,20,1,2017,2021,0,0,0,0
Kevin Porter,249,29,29,58,0.233,60,1,2008,2017,0,1,0,0
Chandler Stephenson,214,23,35,58,0.271,26,1,2015,2021,0,1,0,0
Jordan Greenway,159,21,37,58,0.365,91,1,2017,2021,0,0,0,0
Brad Hunt,180,18,40,58,0.322,24,2,2013,2021,0,0,0,0
Jamie Oleksiak,314,18,40,58,0.185,255,2,2012,2021,0,0,0,0
Robert Bortuzzo,379,16,42,58,0.153,376,2,2011,2021,0,1,0,0
Tim Schaller,276,29,28,57,0.207,92,1,2014,2020,0,0,0,0
Roope Hintz,119,28,29,57,0.479,40,1,2018,2021,0,0,0,0
Garnet Hathaway,246,26,31,57,0.232,298,1,2015,2021,0,0,0,0
Nick Jensen,283,6,51,57,0.201,75,2,2016,2021,0,0,0,0
Rocco Grimaldi,159,21,35,56,0.35200000000000004,28,1,2014,2021,0,0,0,0
Stephen Gionta,301,16,40,56,0.18600000000000005,95,1,2010,2019,0,0,0,0
Filip Hronek,116,14,42,56,0.483,78,2,2018,2021,0,0,0,0
Mark Barberio,272,14,42,56,0.206,115,2,2012,2020,0,0,0,0
Matt Grzelcyk,201,10,46,56,0.279,132,2,2016,2021,0,0,0,0
Derek Forbort,279,6,50,56,0.201,178,2,2015,2021,0,0,0,0
Josh Jooris,213,23,32,55,0.258,87,1,2014,2018,0,0,0,0
Jordan Oesterle,214,15,40,55,0.257,36,2,2014,2021,0,0,0,0
Eric Gelinas,189,14,41,55,0.29100000000000004,92,2,2012,2017,0,0,0,0
Cale Makar,62,12,43,55,0.887,14,2,2018,2021,1,0,0,0
Stefan Noesen,202,31,23,54,0.267,122,1,2014,2021,0,0,0,0
Ben Smith,237,29,25,54,0.228,9,1,2010,2017,0,1,0,0
Luke Kunin,135,25,29,54,0.4,95,1,2017,2021,0,0,0,0
Carter Rowney,209,20,34,54,0.258,34,1,2016,2021,0,1,0,0
Tom Kuhnhackl,232,18,36,54,0.233,60,1,2015,2020,0,2,0,0
Scott Mayfield,233,14,40,54,0.232,219,2,2013,2021,0,0,0,0
Mike Reilly,207,8,46,54,0.261,76,2,2015,2021,0,0,0,0
Filip Chytil,148,28,24,52,0.35100000000000003,22,1,2017,2021,0,0,0,0
Jordan Nolan,375,24,28,52,0.139,347,1,2011,2019,0,2,0,0
Tomas Jurco,213,22,30,52,0.244,64,1,2013,2021,0,0,0,0
Jujhar Khaira,220,21,31,52,0.236,153,1,2015,2021,0,0,0,0
Ryan Carpenter,206,19,33,52,0.252,55,1,2015,2021,0,0,0,0
Mark Borowiecki,379,15,37,52,0.13699999999999998,651,2,2011,2021,0,0,0,0
Brandon Carlo,301,13,39,52,0.173,186,2,2016,2021,0,0,0,0
Marcus Pettersson,179,6,46,52,0.29100000000000004,107,2,2017,2021,0,0,0,0
Adam Pardy,342,4,48,52,0.152,269,2,2008,2017,0,0,0,0
Scott Wilson,193,20,31,51,0.264,58,1,2014,2020,0,1,0,0
Victor Olofsson,65,24,26,50,0.769,8,1,2018,2021,0,0,0,0
Devon Toews,121,13,37,50,0.413,20,2,2018,2021,0,0,0,0
Alexander Petrovic,263,5,45,50,0.19,360,2,2012,2019,0,0,0,0
Dominik Kubalik,73,32,17,49,0.6709999999999999,18,1,2019,2021,0,0,0,0
Tomas Nosek,224,25,24,49,0.219,58,1,2015,2021,0,0,0,0
Jason Dickinson,171,18,31,49,0.287,46,1,2015,2021,0,0,0,0
Cal O'Reilly,145,16,33,49,0.338,14,1,2008,2018,0,0,0,0
Phil Di Giuseppe,173,15,34,49,0.28300000000000003,62,1,2015,2021,0,0,0,0
Patrik Nemeth,319,5,44,49,0.154,164,2,2013,2021,0,0,0,0
Warren Foegele,150,25,23,48,0.32,60,1,2017,2021,0,0,0,0
Chris VandeVelde,278,18,30,48,0.173,95,1,2010,2017,0,0,0,0
Andrej Nestrasil,128,17,31,48,0.375,18,1,2014,2017,0,0,0,0
Brandon Manning,255,14,34,48,0.188,254,2,2011,2020,0,0,0,0
Derrick Pouliot,202,8,40,48,0.238,81,2,2014,2021,0,0,0,0
Matt Bartkowski,255,8,40,48,0.188,157,2,2010,2021,0,0,0,0
Clayton Stoner,360,7,41,48,0.133,459,2,2009,2018,0,0,0,0
Sonny Milano,127,22,25,47,0.37,36,1,2015,2021,0,0,0,0
Connor Carrick,230,12,35,47,0.204,152,2,2013,2021,0,0,0,0
Nate Prosser,354,10,37,47,0.133,231,2,2009,2021,0,0,0,0
Andrew Mangiapane,125,25,21,46,0.368,34,1,2017,2021,0,0,0,0
Emerson Etem,173,22,24,46,0.266,30,1,2012,2017,0,0,0,0
Colin McDonald,148,20,26,46,0.311,73,1,2009,2017,0,0,0,0
Nikolay Goldobin,125,19,27,46,0.368,24,1,2015,2020,0,0,0,0
Adam Gaudette,126,18,28,46,0.365,59,1,2017,2021,0,0,0,0
David Kampf,184,16,30,46,0.25,38,1,2017,2021,0,0,0,0
Nick Suzuki,76,14,32,46,0.605,12,1,2019,2021,0,0,0,0
Adam Fox,74,9,37,46,0.622,32,2,2019,2021,0,0,0,0
Marko Dano,141,19,26,45,0.319,49,1,2014,2020,0,0,0,0
Jesperi Kotkaniemi,120,18,27,45,0.375,51,1,2018,2021,0,0,0,0
Chris Wideman,181,16,29,45,0.249,104,2,2015,2019,0,0,0,0
Pontus Aberg,132,17,27,44,0.333,34,1,2015,2020,0,0,0,0
Linden Vey,138,14,30,44,0.319,24,1,2013,2017,0,0,0,0
Nikita Gusev,70,13,31,44,0.629,12,1,2019,2021,0,0,0,0
Joe Vitale,234,11,33,44,0.188,156,1,2010,2017,0,0,0,0
Rasmus Andersson,163,8,36,44,0.27,84,2,2016,2021,0,0,0,0
Christian Folin,244,8,36,44,0.18,120,2,2013,2020,0,0,0,0
Adam Cracknell,210,21,22,43,0.205,46,1,2010,2019,0,0,0,0
Ryan Murphy,175,8,35,43,0.246,54,2,2012,2019,0,0,0,0
Eric Gryba,289,7,36,43,0.149,368,2,2012,2019,0,0,0,0
Simon Despres,193,6,37,43,0.223,150,2,2011,2017,0,0,0,0
Reid Boucher,133,20,22,42,0.316,18,1,2013,2019,0,0,0,0
Jordan Schroeder,165,18,24,42,0.255,14,1,2012,2018,0,0,0,0
Zac Rinaldo,370,18,24,42,0.114,753,1,2010,2020,0,0,0,0
Brett Howden,140,15,27,42,0.3,42,1,2018,2021,0,0,0,0
MacKenzie Weegar,174,13,29,42,0.241,133,2,2016,2021,0,0,0,0
Robert Hagg,207,11,31,42,0.203,127,2,2016,2021,0,0,0,0
Charles Hudon,125,14,27,41,0.328,56,1,2015,2020,0,0,0,0
Travis Dermott,163,9,32,41,0.252,71,2,2017,2021,0,0,0,0
Greg Pateryn,272,4,37,41,0.151,164,2,2012,2021,0,0,0,0
Tyler Motte,193,24,16,40,0.207,48,1,2016,2021,0,0,0,0
William Carrier,208,21,18,39,0.188,112,1,2016,2021,0,0,0,0
Martin Frk,117,18,21,39,0.333,22,1,2016,2021,0,0,0,0
Martin Necas,75,17,22,39,0.52,22,1,2017,2021,0,0,0,0
Casey Mittelstadt,114,17,22,39,0.342,14,1,2017,2021,0,0,0,0
Madison Bowey,154,5,34,39,0.253,104,2,2017,2020,0,1,0,0
Alex Biega,229,4,35,39,0.17,118,2,2014,2021,0,0,0,0
Chris Terry,152,22,16,38,0.25,34,1,2012,2017,0,0,0,0
Jesse Puljujarvi,145,17,21,38,0.262,42,1,2016,2021,0,0,0,0
Austin Czarnik,121,13,25,38,0.314,20,1,2016,2021,0,0,0,0
Shane Prince,128,12,26,38,0.297,39,1,2014,2018,0,0,0,0
Zach Redmond,133,9,29,38,0.28600000000000003,50,2,2012,2018,0,0,0,0
Dalton Prout,264,7,31,38,0.14400000000000002,321,2,2011,2020,0,0,0,0
Michael Amadio,151,16,21,37,0.245,24,1,2017,2021,0,0,0,0
Jacob de la Rose,229,13,24,37,0.162,77,1,2014,2021,0,0,0,0
Philip Larsen,151,9,28,37,0.245,46,2,2009,2017,0,0,0,0
Brendan Lemieux,135,19,17,36,0.267,244,1,2017,2021,0,0,0,0
Zach Aston-Reese,116,18,18,36,0.31,56,1,2017,2021,0,0,0,0
Teodors Blugers,102,17,19,36,0.353,40,1,2018,2021,0,0,0,0
Daniel Carr,111,16,20,36,0.324,26,1,2015,2021,0,0,0,0
Logan Shaw,215,15,21,36,0.16699999999999998,35,1,2015,2020,0,0,0,0
Kailer Yamamoto,59,14,22,36,0.61,22,1,2017,2021,0,0,0,0
Brett Kulak,219,8,28,36,0.16399999999999998,90,2,2014,2021,0,0,0,0
Mathieu Joseph,110,19,16,35,0.318,42,1,2018,2021,0,1,0,0
Sam Steel,92,12,23,35,0.38,30,1,2018,2021,0,0,0,0
Paul Postma,205,10,25,35,0.171,51,2,2010,2018,0,0,0,0
Anton Lander,215,10,25,35,0.163,56,1,2011,2017,0,0,0,0
Jan Rutta,130,9,26,35,0.269,60,2,2017,2021,0,1,0,0
Sean Walker,112,8,27,35,0.313,36,2,2018,2021,0,0,0,0
Taylor Fedun,127,8,27,35,0.276,44,2,2013,2021,0,0,0,0
Denis Guryanov,87,22,12,34,0.391,15,1,2016,2021,0,0,0,0
Anders Bjork,112,14,20,34,0.304,20,1,2017,2021,0,0,0,0
Steven Kampfer,211,13,21,34,0.161,106,2,2010,2020,0,0,0,0
Scott Harrington,191,6,28,34,0.17800000000000002,65,2,2014,2021,0,0,0,0
Martin Marincin,227,5,29,34,0.15,110,2,2013,2020,0,0,0,0
Austin Wagner,130,18,15,33,0.254,55,1,2018,2021,0,0,0,0
Greg McKegg,185,18,15,33,0.17800000000000002,57,1,2013,2021,0,0,0,0
Stephen Johns,167,15,18,33,0.198,93,2,2015,2021,0,0,0,0
Nikita Nesterov,135,9,24,33,0.244,81,2,2014,2021,0,0,0,0
Justin Falk,279,3,30,33,0.118,219,2,2009,2019,0,0,0,0
Adam Erne,172,15,17,32,0.18600000000000005,90,1,2016,2021,0,0,0,0
Alexander Nylander,84,13,19,32,0.381,14,1,2016,2021,0,0,0,0
Ryan Graves,100,12,20,32,0.32,49,2,2018,2021,0,0,0,0
Micheal Haley,270,11,21,32,0.119,687,1,2009,2021,0,0,0,0
Joe Morrow,162,9,23,32,0.198,62,2,2014,2019,0,0,0,0
Daniel Sprong,100,19,12,31,0.31,10,1,2015,2021,0,0,0,0
Frederik Gauthier,168,13,18,31,0.185,45,1,2015,2021,0,0,0,0
Joseph Blandisi,101,10,21,31,0.307,78,1,2015,2020,0,0,0,0
Travis Boyd,85,8,23,31,0.365,10,1,2017,2020,0,0,0,0
Victor Mete,171,4,27,31,0.181,30,2,2017,2021,0,0,0,0
Nick Paul,116,14,16,30,0.259,34,1,2015,2021,0,0,0,0
Ty Rattie,98,13,17,30,0.306,12,1,2013,2019,0,0,0,0
Brad Malone,199,13,17,30,0.151,198,1,2011,2019,0,0,0,0
Kenny Agostino,85,8,22,30,0.353,40,1,2013,2019,0,0,0,0
Slater Koekkoek,155,8,22,30,0.194,88,2,2014,2021,0,0,0,0
Erik Cernak,128,10,19,29,0.227,117,2,2018,2021,0,1,0,0
Tim Heed,105,6,23,29,0.276,20,2,2016,2020,0,0,0,0
Brian Strait,187,6,23,29,0.155,91,2,2010,2017,0,0,0,0
Alan Quine,106,10,18,28,0.264,22,1,2015,2021,0,0,0,0
Troy Terry,86,8,20,28,0.326,8,1,2017,2021,0,0,0,0
Fredrik Claesson,155,7,21,28,0.181,50,2,2015,2020,0,0,0,0
Henri Jokiharju,112,5,23,28,0.25,48,2,2018,2021,0,0,0,0
Xavier Ouellet,172,5,23,28,0.163,80,2,2013,2020,0,0,0,0
Mirco Muller,185,5,23,28,0.151,61,2,2014,2020,0,0,0,0
Jyrki Jokipakka,150,3,25,28,0.187,34,2,2014,2017,0,0,0,0
Lukas Sedlak,162,15,12,27,0.16699999999999998,56,1,2016,2019,0,0,0,0
Miikka Salomaki,167,12,15,27,0.162,76,1,2014,2020,0,0,0,0
Jack Hughes,65,9,18,27,0.415,10,1,2019,2021,0,0,0,0
Gustav Forsling,123,8,19,27,0.22,42,2,2016,2021,0,0,0,0
Ethan Bear,94,6,21,27,0.287,43,2,2017,2021,0,0,0,0
Nic Petan,129,6,21,27,0.209,34,1,2015,2020,0,0,0,0
Corey Tropp,149,6,21,27,0.181,133,1,2011,2017,0,0,0,0
Korbinian Holzer,206,6,21,27,0.131,139,2,2010,2020,0,0,0,0
Christian Djoos,120,5,22,27,0.225,14,2,2017,2021,0,1,0,0
Anthony Bitetto,183,2,25,27,0.14800000000000002,122,2,2014,2021,0,0,0,0
John Hayden,157,11,15,26,0.166,162,1,2016,2021,0,0,0,0
Drew Shore,94,9,17,26,0.277,28,1,2012,2017,0,0,0,0
John Marino,61,6,20,26,0.426,20,2,2019,2021,0,0,0,0
Andy Andreoff,173,13,12,25,0.145,216,1,2014,2021,0,0,0,0
Kaapo Kakko,70,12,13,25,0.35700000000000004,16,1,2019,2021,0,0,0,0
Zac Dalpe,141,12,13,25,0.177,36,1,2010,2019,0,0,0,0
Joel Farabee,57,9,16,25,0.439,39,1,2019,2021,0,0,0,0
Blake Lizotte,70,8,17,25,0.35700000000000004,24,1,2018,2021,0,0,0,0
Stefan Elliott,87,8,17,25,0.287,16,2,2011,2019,0,0,0,0
Chad Ruhwedel,174,7,18,25,0.14400000000000002,46,2,2012,2021,0,0,0,0
Matt Roy,99,6,19,25,0.253,20,2,2018,2021,0,0,0,0
Justin Holl,87,4,21,25,0.287,47,2,2017,2021,0,0,0,0
Cody Goloubef,160,3,22,25,0.156,76,2,2011,2020,0,0,0,0
Dennis Cholowski,88,9,15,24,0.273,22,2,2018,2021,0,0,0,0
Ilya Mikheyev,45,8,16,24,0.5329999999999999,6,1,2019,2021,0,0,0,0
Josh Ho-Sang,53,7,17,24,0.453,20,1,2016,2019,0,0,0,0
Adam Clendening,90,4,20,24,0.267,42,2,2014,2021,0,0,0,0
Joakim Ryan,141,4,20,24,0.17,33,2,2017,2021,0,0,0,0
Matt Tennyson,148,3,21,24,0.162,40,2,2012,2021,0,0,0,0
Taylor Beck,92,11,12,23,0.25,32,1,2012,2017,0,0,0,0
Curtis McKenzie,99,10,13,23,0.232,131,1,2014,2018,0,0,0,0
Anton Slepyshev,102,10,13,23,0.225,14,1,2015,2018,0,0,0,0
Iiro Pakarinen,134,10,13,23,0.172,18,1,2014,2018,0,0,0,0
Andreas Martinsen,152,9,14,23,0.151,110,1,2015,2019,0,0,0,0
Brandon Davidson,174,9,14,23,0.132,78,2,2014,2021,0,0,0,0
Kirby Dach,64,8,15,23,0.359,24,1,2019,2021,0,0,0,0
Dillon Dube,73,8,15,23,0.315,10,1,2018,2021,0,0,0,0
Klas Dahlbeck,170,6,17,23,0.135,87,2,2014,2018,0,0,0,0
Haydn Fleury,135,4,19,23,0.17,24,2,2017,2021,0,0,0,0
Jake Dotchin,103,3,20,23,0.223,112,2,2016,2019,0,0,0,0
Victor Bartley,121,1,22,23,0.19,61,2,2012,2017,0,0,0,0
Teemu Pulkkinen,83,13,9,22,0.265,32,1,2013,2017,0,0,0,0
Michael Bournival,113,12,10,22,0.195,24,1,2013,2018,0,0,0,0
Jayce Hawryluk,68,10,12,22,0.324,32,1,2018,2021,0,0,0,0
Tage Thompson,111,10,12,22,0.198,34,1,2017,2021,0,0,0,0
Tanner Kero,72,8,14,22,0.306,10,1,2015,2018,0,0,0,0
Remi Elie,106,7,15,22,0.208,28,1,2016,2019,0,0,0,0
Drake Batherson,47,6,16,22,0.468,19,1,2018,2021,0,0,0,0
Michael Chaput,169,6,16,22,0.13,78,1,2013,2021,0,0,0,0
Taylor Chorney,166,4,18,22,0.133,56,2,2008,2018,0,0,0,0
Gemel Smith,83,12,9,21,0.253,42,1,2016,2021,0,0,0,0
Maxime Comtois,44,10,11,21,0.477,33,1,2018,2021,0,0,0,0
Tom Sestito,154,10,11,21,0.136,499,1,2007,2017,0,0,0,0
Dennis Rasmussen,139,9,12,21,0.151,24,1,2015,2018,0,0,0,0
Connor Brickley,81,6,15,21,0.259,42,1,2015,2019,0,0,0,0
Steven Santini,116,5,16,21,0.181,55,2,2015,2020,0,0,0,0
Alexei Marchenko,121,4,17,21,0.174,26,2,2013,2017,0,0,0,0
Emil Bemstrom,61,10,10,20,0.328,8,1,2019,2021,0,0,0,0
Jayson Megna,121,10,10,20,0.165,30,1,2013,2020,0,0,0,0
Filip Zadina,41,9,11,20,0.488,2,1,2018,2021,0,0,0,0
Samuel Blais,85,9,11,20,0.235,34,1,2017,2021,0,1,0,0
Trevor Smith,107,9,11,20,0.187,20,1,2008,2017,0,0,0,0
Steve Oleksy,73,3,17,20,0.274,110,2,2012,2017,0,0,0,0
Matt Donovan,69,2,18,20,0.29,28,2,2011,2019,0,0,0,0
Kevin Rooney,97,10,9,19,0.196,41,1,2016,2021,0,0,0,0
Sergei Kalinin,121,10,9,19,0.157,48,1,2015,2017,0,0,0,0
Henrik Borgstrom,58,9,10,19,0.328,6,1,2017,2020,0,0,0,0
Michael Rasmussen,65,8,11,19,0.292,31,1,2018,2021,0,0,0,0
Trevor Moore,71,8,11,19,0.268,10,1,2018,2021,0,0,0,0
Seth Griffith,79,8,11,19,0.241,24,1,2014,2018,0,0,0,0
Mason Appleton,86,8,11,19,0.221,24,1,2018,2021,0,0,0,0
Matthew Peca,73,6,13,19,0.26,6,1,2016,2021,0,0,0,0
Boo Nieves,76,5,14,19,0.25,24,1,2016,2020,0,0,0,0
Oscar Fantenberg,124,5,14,19,0.153,34,2,2017,2020,0,0,0,0
Par Lindholm,105,4,15,19,0.181,22,1,2018,2021,0,0,0,0
Radim Simek,92,3,16,19,0.207,22,2,2018,2021,0,0,0,0
Alexandre Texier,43,10,8,18,0.419,16,1,2018,2021,0,0,0,0
Paul LaDue,69,5,13,18,0.261,22,2,2016,2020,0,0,0,0
Vladislav Gavrikov,74,5,13,18,0.243,20,2,2018,2021,0,0,0,0
Philippe Myers,75,5,13,18,0.24,36,2,2018,2021,0,0,0,0
Tucker Poolman,82,5,13,18,0.22,24,2,2017,2021,0,0,0,0
Casey Nelson,93,4,14,18,0.194,33,2,2015,2019,0,0,0,0
Max Jones,90,10,7,17,0.189,50,1,2018,2021,0,0,0,0
Quinton Howden,97,10,7,17,0.175,30,1,2012,2017,0,0,0,0
Nicolas Aube-Kubel,50,8,9,17,0.34,29,1,2018,2021,0,0,0,0
Phil Varone,97,8,9,17,0.175,26,1,2013,2019,0,0,0,0
Valentin Zykov,55,7,10,17,0.309,10,1,2016,2020,0,0,0,0
Michael Dal Colle,85,7,10,17,0.2,14,1,2017,2021,0,0,0,0
Rudolfs Balcers,51,6,11,17,0.333,10,1,2018,2021,0,0,0,0
Jacob Larsson,118,2,15,17,0.14400000000000002,30,2,2016,2021,0,0,0,0
Carter Verhaeghe,54,11,5,16,0.29600000000000004,8,1,2019,2021,0,1,0,0
Matt Puempel,87,11,5,16,0.184,30,1,2014,2019,0,0,0,0
Matt Luff,53,9,7,16,0.302,11,1,2018,2021,0,0,0,0
Nikita Soshnikov,87,8,8,16,0.184,26,1,2015,2019,0,0,0,0
Paul Carey,100,8,8,16,0.16,20,1,2013,2020,0,0,0,0
Jordan Kyrou,48,7,9,16,0.333,12,1,2018,2021,0,0,0,0
Brendan Gaunce,118,6,10,16,0.136,47,1,2015,2020,0,0,0,0
Caleb Jones,63,5,11,16,0.254,18,2,2018,2021,0,0,0,0
Byron Froese,110,5,11,16,0.145,47,1,2015,2018,0,0,0,0
Eric Tangradi,150,5,11,16,0.107,86,1,2009,2019,0,0,0,0
Adam Boqvist,46,4,12,16,0.348,10,2,2019,2021,0,0,0,0
MacKenzie MacEachern,80,10,5,15,0.188,43,1,2018,2021,0,0,0,0
Pierre Engvall,49,8,7,15,0.306,8,1,2019,2021,0,0,0,0
Markus Hannikainen,91,8,7,15,0.165,14,1,2015,2019,0,0,0,0
Max Lajoie,62,7,8,15,0.242,20,2,2018,2020,0,0,0,0
Carson Soucy,63,7,8,15,0.238,20,2,2017,2021,0,0,0,0
Christian Wolanin,44,5,10,15,0.341,6,2,2017,2021,0,0,0,0
Oliver Kylington,87,5,10,15,0.172,26,2,2015,2021,0,0,0,0
Antti Suomela,47,4,11,15,0.319,8,1,2018,2020,0,0,0,0
Dryden Hunt,63,3,12,15,0.238,34,1,2017,2021,0,0,0,0
Brian Lashoff,136,2,13,15,0.11,65,2,2012,2020,0,0,0,0
Dean Kukan,82,1,14,15,0.183,20,2,2015,2021,0,0,0,0
Ross Johnston,78,7,7,14,0.179,183,1,2015,2021,0,0,0,0
Cody Glass,42,6,8,14,0.333,6,1,2019,2021,0,0,0,0
Darren Archibald,55,6,8,14,0.255,26,1,2013,2019,0,0,0,0
Dante Fabbro,72,6,8,14,0.194,38,2,2018,2021,0,0,0,0
Dominic Toninato,85,5,9,14,0.165,49,1,2017,2021,0,0,0,0
Nikolai Prokhorkin,43,4,10,14,0.326,6,1,2019,2020,0,0,0,0
Brendan Guhle,59,4,10,14,0.237,24,2,2016,2021,0,0,0,0
Kurtis MacDermid,92,4,10,14,0.152,115,2,2017,2021,0,0,0,0
Anthony Peluso,148,4,10,14,0.095,220,1,2012,2019,0,0,0,0
Taro Hirose,36,3,11,14,0.389,8,1,2018,2021,0,0,0,0
Kerby Rychel,43,3,11,14,0.326,19,1,2014,2019,0,0,0,0
Dylan Sikura,47,1,13,14,0.298,0,1,2017,2020,0,0,0,0
Ryan Lindgren,69,1,13,14,0.203,57,2,2018,2021,0,0,0,0
Joey Anderson,52,8,5,13,0.25,8,1,2018,2021,0,0,0,0
Jim O'Brien,77,8,5,13,0.16899999999999998,16,1,2010,2018,0,0,0,0
Harry Zolnierczyk,84,7,6,13,0.155,93,1,2011,2017,0,0,0,0
Mike Blunden,127,7,6,13,0.102,145,1,2006,2018,0,0,0,0
Sam Lafferty,53,6,7,13,0.245,23,1,2019,2021,0,0,0,0
Kiefer Sherwood,60,6,7,13,0.217,14,1,2018,2021,0,0,0,0
Mario Kempe,70,6,7,13,0.18600000000000005,22,1,2017,2019,0,0,0,0
Brett Seney,53,5,8,13,0.245,31,1,2018,2020,0,0,0,0
Yohann Auvitu,58,5,8,13,0.224,10,2,2016,2018,0,0,0,0
Christoffer Ehn,114,5,8,13,0.114,8,1,2018,2020,0,0,0,0
Vladislav Kamenev,66,3,10,13,0.197,20,1,2016,2020,0,0,0,0
Zach Trotman,91,3,10,13,0.14300000000000002,30,2,2013,2020,0,0,0,0
Mario Ferraro,66,2,11,13,0.197,32,2,2019,2021,0,0,0,0
Julius Honka,87,2,11,13,0.149,28,2,2016,2021,0,0,0,0
Jonas Siegenthaler,91,2,11,13,0.14300000000000002,53,2,2018,2021,0,0,0,0
Luke Witkowski,131,2,11,13,0.099,162,2,2014,2020,0,0,0,0
Christian Jaros,76,1,12,13,0.171,33,2,2017,2020,0,0,0,0
Kevin Gravel,109,1,12,13,0.119,12,2,2015,2020,0,0,0,0
Eric Robinson,69,7,5,12,0.174,12,1,2017,2021,0,0,0,0
Landon Ferraro,77,7,5,12,0.156,29,1,2013,2018,0,0,0,0
Jonny Brodzinski,57,6,6,12,0.211,10,1,2016,2020,0,0,0,0
Corban Knight,52,4,8,12,0.231,4,1,2013,2019,0,0,0,0
Juuso Riikola,75,3,9,12,0.16,16,2,2018,2021,0,0,0,0
Ryan Sproul,44,2,10,12,0.273,12,2,2013,2018,0,0,0,0
Nick Seeler,105,2,10,12,0.114,100,2,2017,2020,0,0,0,0
Nicolas Hague,40,1,11,12,0.3,32,2,2019,2021,0,0,0,0
Tyler Graovac,70,9,2,11,0.157,14,1,2014,2020,0,0,0,0
Lukas Radil,50,7,4,11,0.22,14,1,2018,2020,0,0,0,0
Peter Cehlarik,40,5,6,11,0.275,10,1,2016,2020,0,0,0,0
Nicolas Roy,40,5,6,11,0.275,14,1,2017,2021,0,0,0,0
Filip Chlapik,56,5,6,11,0.196,18,1,2017,2021,0,0,0,0
Dylan Gambrell,63,5,6,11,0.175,21,1,2017,2021,0,0,0,0
Karson Kuhlman,36,4,7,11,0.306,15,1,2018,2021,0,0,0,0
Andreas Borgman,48,3,8,11,0.229,28,2,2017,2021,0,0,0,0
Nikita Tryamkin,79,3,8,11,0.139,74,2,2015,2017,0,0,0,0
David Warsofsky,55,2,9,11,0.2,8,2,2013,2018,0,0,0,0
Jarred Tinordi,81,1,10,11,0.136,112,2,2012,2021,0,0,0,0
Gustav Olofsson,59,0,11,11,0.18600000000000005,18,2,2015,2020,0,0,0,0
Bobby Farnham,67,8,2,10,0.149,138,1,2014,2017,0,0,0,0
Nick Baptiste,47,7,3,10,0.213,20,1,2016,2018,0,0,0,0
Christopher DiDomenico,27,6,4,10,0.37,14,1,2016,2018,0,0,0,0
Kevin Stenlund,36,6,4,10,0.278,12,1,2018,2021,0,0,0,0
Max McCormick,71,6,4,10,0.141,78,1,2015,2021,0,0,0,0
Carl Grundstrom,30,5,5,10,0.333,14,1,2018,2021,0,0,0,0
Gaetan Haas,58,5,5,10,0.172,6,1,2019,2021,0,0,0,0
Stefan Matteau,73,5,5,10,0.13699999999999998,32,1,2012,2021,0,0,0,0
Joseph Cramarossa,59,4,6,10,0.16899999999999998,60,1,2016,2017,0,0,0,0
Josh Brown,97,4,6,10,0.103,71,2,2018,2021,0,0,0,0
Colin Blackwell,33,3,7,10,0.303,12,1,2018,2021,0,0,0,0
Mike Sgarbossa,50,2,8,10,0.2,23,1,2012,2020,0,0,0,0
Sami Niku,51,2,8,10,0.196,20,2,2017,2021,0,0,0,0
Noah Dobson,38,1,9,10,0.263,10,2,2019,2021,0,0,0,0
Viktor Antipin,47,0,10,10,0.213,18,2,2017,2018,0,0,0,0
Carl Dahlstrom,64,0,10,10,0.156,12,2,2017,2020,0,0,0,0
Gabriel Vilardi,14,5,4,9,0.643,6,1,2019,2021,0,0,0,0
Justin Bailey,65,5,4,9,0.138,10,1,2015,2021,0,0,0,0
Dmytro Timashov,44,4,5,9,0.205,16,1,2019,2021,0,0,0,0
Colby Cave,67,4,5,9,0.134,22,1,2017,2020,0,0,0,0
Gabriel Dumont,90,4,5,9,0.1,48,1,2011,2020,0,0,0,0
Jakob Forsbacka Karlsson,29,3,6,9,0.31,2,1,2016,2019,0,0,0,0
Joakim Nygard,36,3,6,9,0.25,10,1,2019,2021,0,0,0,0
Cameron Gaunce,37,3,6,9,0.243,47,2,2010,2020,0,0,0,0
Justin Dowling,49,3,6,9,0.184,10,1,2016,2020,0,0,0,0
Ben Street,59,3,6,9,0.153,10,1,2012,2020,0,0,0,0
Lias Andersson,68,3,6,9,0.132,33,1,2017,2021,0,0,0,0
Josh Mahura,28,2,7,9,0.321,6,2,2018,2020,0,0,0,0
Logan Brown,29,1,8,9,0.31,4,1,2017,2020,0,0,0,0
Nikita Scherbak,37,6,2,8,0.21600000000000005,10,1,2016,2019,0,0,0,0
Nick Lappin,60,5,3,8,0.133,21,1,2016,2019,0,0,0,0
Luke Gazdic,147,5,3,8,0.054000000000000006,206,1,2013,2017,0,0,0,0
Saku Maenalanen,34,4,4,8,0.235,20,1,2018,2019,0,0,0,0
Matthew Highmore,52,4,4,8,0.154,6,1,2017,2021,0,0,0,0
Tanner Fritz,42,3,5,8,0.19,10,1,2017,2019,0,0,0,0
Frank Corrado,76,3,5,8,0.105,40,2,2012,2018,0,0,0,0
Frederick Gaudreau,84,3,5,8,0.095,4,1,2016,2019,0,0,0,0
Jakub Jerabek,37,2,6,8,0.21600000000000005,8,2,2017,2019,0,0,0,0
Andrew Agozzino,43,2,6,8,0.18600000000000005,4,1,2014,2020,0,0,0,0
Noah Juulsen,44,2,6,8,0.182,10,2,2017,2021,0,0,0,0
Vinni Lettieri,46,2,6,8,0.174,14,1,2017,2021,0,0,0,0
Michael McCarron,69,2,6,8,0.116,110,1,2015,2021,0,0,0,0
Garrett Wilson,84,2,6,8,0.095,42,1,2013,2019,0,0,0,0
Rasmus Sandin,28,1,7,8,0.28600000000000003,10,2,2019,2021,0,0,0,0
Bogdan Kiselevich,32,0,8,8,0.25,12,2,2018,2019,0,0,0,0
Joel Hanley,46,0,8,8,0.174,12,2,2015,2020,0,0,0,0
Ilya Lyubushkin,92,0,8,8,0.087,31,2,2018,2021,0,0,0,0
Kevin Roy,28,6,1,7,0.25,6,1,2017,2019,0,0,0,0
Zack MacEwen,24,5,2,7,0.292,25,1,2018,2021,0,0,0,0
Jean-Sebastien Dea,32,5,2,7,0.219,12,1,2016,2020,0,0,0,0
Jordan Szwarz,50,4,3,7,0.14,25,1,2013,2020,0,0,0,0
Ian McCoshen,60,4,3,7,0.117,33,2,2016,2019,0,0,0,0
Joel Kellman,32,3,4,7,0.219,6,1,2019,2021,0,0,0,0
Igor Ozhiganov,53,3,4,7,0.132,14,2,2018,2019,0,0,0,0
Morgan Frost,22,2,5,7,0.318,4,1,2019,2021,0,0,0,0
Yegor Yakovlev,25,2,5,7,0.28,6,2,2018,2019,0,0,0,0
Tomas Hyka,27,2,5,7,0.259,2,1,2017,2019,0,0,0,0
Jansen Harkins,32,2,5,7,0.219,9,1,2019,2021,0,0,0,0
Taylor Leier,55,2,5,7,0.127,10,1,2015,2018,0,0,0,0
Aaron Ness,71,1,6,7,0.099,22,2,2011,2020,0,0,0,0
Ben Harpur,103,1,6,7,0.068,79,2,2015,2021,0,0,0,0
Roman Lyubimov,47,4,2,6,0.128,8,1,2016,2017,0,0,0,0
Freddie Hamilton,75,4,2,6,0.08,12,1,2013,2018,0,0,0,0
Alexandre Fortin,24,3,3,6,0.25,2,1,2018,2019,0,0,0,0
Nicklas Jensen,31,3,3,6,0.194,10,1,2012,2017,0,0,0,0
Bracken Kearns,35,3,3,6,0.171,22,1,2011,2017,0,0,0,0
Mitchell Stephens,41,3,3,6,0.146,10,1,2019,2021,0,1,0,0
Sheldon Dries,45,3,3,6,0.133,26,1,2018,2020,0,0,0,0
Yakov Trenin,22,2,4,6,0.273,9,1,2019,2021,0,0,0,0
Scott Sabourin,35,2,4,6,0.171,33,1,2019,2020,0,0,0,0
Libor Hajek,33,1,5,6,0.182,18,2,2018,2021,0,0,0,0
Andy Welinski,35,1,5,6,0.171,8,2,2017,2021,0,0,0,0
A.J. Greer,37,1,5,6,0.162,47,1,2016,2019,0,0,0,0
Lawrence Pilut,46,1,5,6,0.13,24,2,2018,2020,0,0,0,0
Isac Lundestrom,32,0,6,6,0.188,2,1,2018,2021,0,0,0,0
Juho Lammikko,40,0,6,6,0.15,6,1,2018,2021,0,0,0,0
Jake Evans,18,4,1,5,0.278,0,1,2019,2021,0,0,0,0
Ryan Poehling,28,4,1,5,0.179,4,1,2018,2021,0,0,0,0
Noah Gregor,31,3,2,5,0.161,10,1,2019,2021,0,0,0,0
Zack Mitchell,34,3,2,5,0.147,4,1,2016,2018,0,0,0,0
Dylan McIlrath,66,3,2,5,0.076,121,2,2013,2020,0,0,0,0
Gavin Bayreuther,19,2,3,5,0.263,10,2,2018,2019,0,0,0,0
Josh Currie,21,2,3,5,0.238,2,1,2018,2019,0,0,0,0
Barrett Hayton,24,2,3,5,0.208,14,1,2019,2021,0,0,0,0
Jakub Nakladal,30,2,3,5,0.16699999999999998,6,2,2015,2017,0,0,0,0
Sam Carrick,34,2,3,5,0.147,15,1,2014,2020,0,0,0,0
Mikhail Vorobyov,35,2,3,5,0.14300000000000002,8,1,2018,2020,0,0,0,0
Jakob Lilja,37,2,3,5,0.135,2,1,2019,2020,0,0,0,0
John Gilmour,37,2,3,5,0.135,18,2,2017,2020,0,0,0,0
Kurtis Gabriel,38,2,3,5,0.132,98,1,2015,2019,0,0,0,0
Kyle Rau,42,2,3,5,0.119,6,1,2015,2021,0,0,0,0
John Quenneville,42,2,3,5,0.119,6,1,2016,2020,0,0,0,0
Cody Bass,75,2,3,5,0.067,107,1,2007,2017,0,0,0,0
Kirill Kaprizov,5,1,4,5,1.0,2,1,2020,2021,0,0,0,0
Ville Heinola,9,1,4,5,0.556,4,2,2019,2021,0,0,0,0
Calle Rosen,20,1,4,5,0.25,8,2,2017,2020,0,0,0,0
Danny O'Regan,25,1,4,5,0.2,2,1,2016,2019,0,0,0,0
Jaycob Megna,43,1,4,5,0.116,14,2,2016,2019,0,0,0,0
Joe Hicketts,22,0,5,5,0.227,4,2,2017,2020,0,0,0,0
Tyler Wotherspoon,30,0,5,5,0.16699999999999998,4,2,2013,2017,0,0,0,0
Riley Stillman,36,0,5,5,0.139,18,2,2018,2021,0,0,0,0
Michael McLeod,37,0,5,5,0.135,19,1,2018,2021,0,0,0,0
Jordan Schmaltz,42,0,5,5,0.119,12,2,2016,2019,0,0,0,0
Patrick Russell,51,0,5,5,0.098,14,1,2018,2021,0,0,0,0
Anton Lindholm,66,0,5,5,0.076,16,2,2016,2020,0,0,0,0
Nathan Bastian,11,4,0,4,0.364,12,1,2018,2021,0,0,0,0
Jesper Boqvist,39,4,0,4,0.103,10,1,2019,2021,0,0,0,0
Morgan Geekie,4,3,1,4,1.0,2,1,2019,2021,0,0,0,0
Maxim Mamin,33,3,1,4,0.121,12,1,2017,2019,0,0,0,0
Laurent Dauphin,35,3,1,4,0.114,18,1,2015,2019,0,0,0,0
Aleksi Saarela,9,2,2,4,0.444,0,1,2018,2020,0,0,0,0
Hunter Shinkaruk,15,2,2,4,0.267,4,1,2015,2017,0,0,0,0
Max Veronneau,16,2,2,4,0.25,0,1,2018,2020,0,0,0,0
Nathan Walker,17,2,2,4,0.235,12,1,2017,2020,0,0,0,0
Yevgeni Svechnikov,20,2,2,4,0.2,10,1,2016,2020,0,0,0,0
Ty Smith,4,1,3,4,1.0,4,2,2020,2021,0,0,0,0
Adam Brooks,8,1,3,4,0.5,0,1,2019,2021,0,0,0,0
Adam Johnson,13,1,3,4,0.308,2,1,2018,2020,0,0,0,0
Tyler Gaudet,20,1,3,4,0.2,0,1,2014,2017,0,0,0,0
Dakota Mermis,20,1,3,4,0.2,4,2,2017,2021,0,0,0,0
Clark Bishop,25,1,3,4,0.16,10,1,2018,2020,0,0,0,0
Blake Pietila,38,1,3,4,0.105,12,1,2015,2019,0,0,0,0
Chris Bigras,46,1,3,4,0.087,18,2,2015,2018,0,0,0,0
Seth Helgeson,50,1,3,4,0.08,50,2,2014,2017,0,0,0,0
Alexander True,12,0,4,4,0.333,2,1,2019,2020,0,0,0,0
Joel Vermin,24,0,4,4,0.16699999999999998,4,1,2015,2017,0,0,0,0
Erik Brannstrom,33,0,4,4,0.121,16,2,2018,2020,0,0,0,0
Joel L'Esperance,21,3,0,3,0.14300000000000002,8,1,2018,2020,0,0,0,0
Martin Kaut,10,2,1,3,0.3,4,1,2019,2021,0,0,0,0
Kieffer Bellows,12,2,1,3,0.25,2,1,2019,2021,0,0,0,0
Joel Kiviranta,12,2,1,3,0.25,4,1,2019,2021,0,0,0,0
Buddy Robinson,12,2,1,3,0.25,13,1,2015,2021,0,0,0,0
C.J. Smith,13,2,1,3,0.231,0,1,2016,2019,0,0,0,0
Shane Harper,14,2,1,3,0.214,18,1,2016,2017,0,0,0,0
Kalle Kossila,19,2,1,3,0.158,4,1,2016,2019,0,0,0,0
Givani Smith,21,2,1,3,0.14300000000000002,9,1,2019,2021,0,0,0,0
Patrick Brown,29,2,1,3,0.103,8,1,2014,2020,0,0,0,0
Jeremy Lauzon,39,2,1,3,0.077,31,2,2018,2021,0,0,0,0
Petteri Lindbohm,40,2,1,3,0.075,37,2,2014,2017,0,0,0,0
Connor Clifton,50,2,1,3,0.06,27,2,2018,2021,0,0,0,0
Zach Senyshyn,6,1,2,3,0.5,0,1,2018,2020,0,0,0,0
Josh Norris,7,1,2,3,0.429,0,1,2019,2021,0,0,0,0
Trevor Murphy,8,1,2,3,0.375,0,2,2017,2018,0,0,0,0
Eetu Luostarinen,10,1,2,3,0.3,0,1,2019,2021,0,0,0,0
Andrei Mironov,10,1,2,3,0.3,12,2,2017,2018,0,0,0,0
Andrew Peeke,22,1,2,3,0.136,4,2,2019,2021,0,0,0,0
Hudson Fasching,22,1,2,3,0.136,8,1,2015,2021,0,0,0,0
Dennis Gilbert,23,1,2,3,0.13,40,2,2018,2021,0,0,0,0
Juuso Valimaki,27,1,2,3,0.111,14,2,2018,2021,0,0,0,0
Rasmus Asplund,30,1,2,3,0.1,6,1,2019,2021,0,0,0,0
Roland McKeown,10,0,3,3,0.3,19,2,2017,2018,0,0,0,0
Jacob Middleton,14,0,3,3,0.214,13,2,2018,2021,0,0,0,0
Joseph Gambardella,15,0,3,3,0.2,2,1,2018,2019,0,0,0,0
Julien Gauthier,20,0,3,3,0.15,8,1,2019,2021,0,0,0,0
Ashton Sautner,23,0,3,3,0.13,4,2,2017,2020,0,0,0,0
Gabriel Carlsson,23,0,3,3,0.13,8,2,2016,2021,0,0,0,0
Karl Stollery,23,0,3,3,0.13,21,2,2013,2017,0,0,0,0
Marek Hrivik,24,0,3,3,0.125,2,1,2015,2018,0,0,0,0
Rob O'Gara,33,0,3,3,0.091,6,2,2016,2018,0,0,0,0
Andreas Englund,33,0,3,3,0.091,24,2,2016,2020,0,0,0,0
Patrick Sieloff,2,2,0,2,1.0,2,2,2015,2018,0,0,0,0
Spencer Foo,4,2,0,2,0.5,0,1,2017,2018,0,0,0,0
Gerry Mayhew,13,2,0,2,0.154,2,1,2019,2020,0,0,0,0
Logan O'Connor,21,2,0,2,0.095,2,1,2018,2020,0,0,0,0
Yegor Sharangovich,4,1,1,2,0.5,0,1,2020,2021,0,0,0,0
Dylan Cozens,5,1,1,2,0.4,0,1,2020,2021,0,0,0,0
Jack Studnicka,5,1,1,2,0.4,2,1,2019,2021,0,0,0,0
Alexander Romanov,5,1,1,2,0.4,2,2,2020,2021,0,0,0,0
Nick Merkley,5,1,1,2,0.4,4,1,2017,2021,0,0,0,0
Nils Hoglander,6,1,1,2,0.333,4,1,2020,2021,0,0,0,0
Eeli Tolvanen,7,1,1,2,0.28600000000000003,0,1,2017,2021,0,0,0,0
Tyler Lewington,8,1,1,2,0.25,24,2,2018,2020,0,0,0,0
Mikey Anderson,10,1,1,2,0.2,2,2,2019,2021,0,0,0,0
Cole Bardreau,10,1,1,2,0.2,6,1,2019,2020,0,0,0,0
Nick Caamano,13,1,1,2,0.154,4,1,2019,2021,0,0,0,0
Wade Megan,15,1,1,2,0.133,2,1,2016,2019,0,0,0,0
Borna Rendulic,15,1,1,2,0.133,6,1,2014,2017,0,0,0,0
Liam O'Brien,17,1,1,2,0.118,28,1,2014,2018,0,0,0,0
Duncan Siemens,20,1,1,2,0.1,25,2,2014,2018,0,0,0,0
Connor Bunnaman,22,1,1,2,0.091,2,1,2019,2021,0,0,0,0
Anton Blidh,28,1,1,2,0.071,7,1,2016,2020,0,0,0,0
Louie Belpedio,3,0,2,2,0.667,0,2,2017,2021,0,0,0,0
Sergei Tolchinsky,4,0,2,2,0.5,0,1,2015,2017,0,0,0,0
Daniel Brickley,5,0,2,2,0.4,0,2,2017,2019,0,0,0,0
John Leonard,5,0,2,2,0.4,0,1,2020,2021,0,0,0,0
Mike Zalewski,6,0,2,2,0.333,2,1,2013,2017,0,0,0,0
Liam Foudy,7,0,2,2,0.28600000000000003,0,1,2019,2021,0,0,0,0
Dillon Heatherington,11,0,2,2,0.182,26,2,2017,2019,0,0,0,0
Nico Sturm,12,0,2,2,0.16699999999999998,0,1,2018,2021,0,0,0,0
Joel Persson,13,0,2,2,0.154,2,2,2019,2020,0,0,0,0
Danick Martel,13,0,2,2,0.154,8,1,2017,2019,0,0,0,0
Kevin Czuczman,13,0,2,2,0.154,14,2,2013,2021,0,0,0,0
Zach Whitecloud,22,0,2,2,0.091,4,2,2017,2021,0,0,0,0
Julian Melchiori,30,0,2,2,0.067,8,2,2013,2017,0,0,0,0
Griffin Reinhart,37,0,2,2,0.054000000000000006,26,2,2014,2017,0,0,0,0
Petter Granberg,45,0,2,2,0.044,29,2,2013,2017,0,0,0,0
Yegor Korshkov,1,1,0,1,1.0,0,1,2019,2020,0,0,0,0
Samuel Henley,1,1,0,1,1.0,2,1,2016,2017,0,0,0,0
Jacob MacDonald,2,1,0,1,0.5,0,2,2018,2019,0,0,0,0
Tim Stutzle,2,1,0,1,0.5,2,1,2020,2021,0,0,0,0
Maxim Letunov,3,1,0,1,0.333,0,1,2019,2020,0,0,0,0
Vadim Shipachyov,3,1,0,1,0.333,2,1,2017,2018,0,0,0,0
Vitali Abramov,3,1,0,1,0.333,2,1,2018,2020,0,0,0,0
Blake Hillman,4,1,0,1,0.25,0,2,2017,2018,0,0,0,0
Philipp Kurashev,4,1,0,1,0.25,0,1,2020,2021,0,0,0,0
Klim Kostin,4,1,0,1,0.25,0,1,2019,2020,0,0,0,0
Michael Bunting,5,1,0,1,0.2,2,1,2018,2019,0,0,0,0
David Kase,6,1,0,1,0.16699999999999998,0,1,2019,2020,0,0,0,0
Lukas Vejdemo,7,1,0,1,0.14300000000000002,0,1,2019,2020,0,0,0,0
Evan Bouchard,7,1,0,1,0.14300000000000002,2,2,2018,2019,0,0,0,0
Anthony Angello,8,1,0,1,0.125,4,1,2019,2020,0,0,0,0
Owen Tippett,9,1,0,1,0.111,0,1,2017,2021,0,0,0,0
Jani Hakanpaa,10,1,0,1,0.1,6,2,2019,2021,0,0,0,0
Alex Formenton,10,1,0,1,0.1,6,1,2017,2019,0,0,0,0
Casey Bailey,13,1,0,1,0.077,2,1,2014,2017,0,0,0,0
Rourke Chartier,13,1,0,1,0.077,2,1,2018,2019,0,0,0,0
Kyle Capobianco,14,1,0,1,0.071,4,2,2017,2021,0,0,0,0
Carsen Twarynski,15,1,0,1,0.067,4,1,2019,2021,0,0,0,0
David Gustafsson,22,1,0,1,0.045,0,1,2019,2021,0,0,0,0
Cale Fleury,41,1,0,1,0.024,6,2,2019,2021,0,0,0,0
Jimmy Schuldt,1,0,1,1,1.0,0,2,2018,2019,0,0,0,0
Pierre-Olivier Joseph,1,0,1,1,1.0,0,2,2020,2021,0,0,0,0
Matt Lorito,2,0,1,1,0.5,0,1,2016,2017,0,0,0,0
Jordan Gross,2,0,1,1,0.5,0,2,2019,2021,0,0,0,0
Bowen Byram,2,0,1,1,0.5,2,2,2020,2021,0,0,0,0
Anton Rodin,3,0,1,1,0.333,0,1,2016,2017,0,0,0,0
Tommy Cross,3,0,1,1,0.333,0,2,2015,2017,0,0,0,0
Shane Gersich,3,0,1,1,0.333,0,1,2017,2018,0,0,0,0
Gage Quinney,3,0,1,1,0.333,0,1,2019,2021,0,0,0,0
Brogan Rafferty,3,0,1,1,0.333,0,2,2018,2021,0,0,0,0
Jason Robertson,4,0,1,1,0.25,0,1,2019,2021,0,0,0,0
Mason Marchment,4,0,1,1,0.25,0,1,2019,2021,0,0,0,0
Ben Gleason,4,0,1,1,0.25,0,2,2018,2019,0,0,0,0
K'Andre Miller,4,0,1,1,0.25,0,2,2020,2021,0,0,0,0
Henrik Haapala,5,0,1,1,0.2,0,1,2017,2018,0,0,0,0
Pius Suter,5,0,1,1,0.2,0,1,2020,2021,0,0,0,0
Ian Mitchell,5,0,1,1,0.2,0,2,2020,2021,0,0,0,0
Kristian Vesalainen,5,0,1,1,0.2,0,1,2018,2021,0,0,0,0
Nick Sorensen,5,0,1,1,0.2,2,1,2016,2017,0,0,0,0
Victor Ejdsell,6,0,1,1,0.16699999999999998,0,1,2017,2018,0,0,0,0
Cole Schneider,6,0,1,1,0.16699999999999998,0,1,2015,2017,0,0,0,0
Niko Mikkola,6,0,1,1,0.16699999999999998,0,2,2019,2021,0,0,0,0
Jonathan Davidsson,6,0,1,1,0.16699999999999998,0,1,2019,2020,0,0,0,0
Keegan Kolesar,6,0,1,1,0.16699999999999998,0,1,2019,2021,0,0,0,0
Lucas Carlsson,6,0,1,1,0.16699999999999998,0,2,2019,2021,0,0,0,0
Tim Gettinger,6,0,1,1,0.16699999999999998,0,1,2018,2020,0,0,0,0
Martin Fehervary,6,0,1,1,0.16699999999999998,6,2,2019,2021,0,0,0,0
Tyler Benson,7,0,1,1,0.14300000000000002,0,1,2019,2020,0,0,0,0
Erik Burgdoerfer,8,0,1,1,0.125,2,2,2016,2019,0,0,0,0
Mark Friedman,8,0,1,1,0.125,2,2,2018,2021,0,0,0,0
Mike Liambas,8,0,1,1,0.125,21,1,2016,2018,0,0,0,0
Jaret Anderson-Dolan,9,0,1,1,0.111,0,1,2018,2021,0,0,0,0
Christoph Bertschy,9,0,1,1,0.111,8,1,2015,2018,0,0,0,0
Ryan MacInnis,10,0,1,1,0.1,0,1,2019,2021,0,0,0,0
Cameron Schilling,10,0,1,1,0.1,4,2,2012,2019,0,0,0,0
Alexander Volkov,10,0,1,1,0.1,6,1,2019,2021,0,1,0,0
Timothy Liljegren,11,0,1,1,0.091,2,2,2019,2020,0,0,0,0
Mathieu Olivier,11,0,1,1,0.091,6,1,2019,2021,0,0,0,0
Lean Bergmann,12,0,1,1,0.083,4,1,2019,2020,0,0,0,0
Ryan Lomberg,12,0,1,1,0.083,32,1,2017,2021,0,0,0,0
Gustav Lindstrom,16,0,1,1,0.063,14,2,2019,2021,0,0,0,0
Luke Johnson,18,0,1,1,0.056,8,1,2018,2020,0,0,0,0
T.J. Tynan,19,0,1,1,0.053,2,1,2016,2020,0,0,0,0
Brett Lernout,21,0,1,1,0.048,6,2,2015,2018,0,0,0,0
J.C. Beaudin,22,0,1,1,0.045,7,1,2019,2020,0,0,0,0
Alex Belzile,0,0,0,0,0.0,0,1,2019,2020,0,0,0,0
Thomas Harley,0,0,0,0,0.0,0,2,2019,2021,0,0,0,0
Philip Holm,1,0,0,0,0.0,0,2,2017,2018,0,0,0,0
Will O'Neill,1,0,0,0,0.0,0,2,2017,2018,0,0,0,0
Garrett Mitchell,1,0,0,0,0.0,0,1,2016,2017,0,0,0,0
Fredrik Handemark,1,0,0,0,0.0,0,1,2020,2021,0,0,0,0
Curtis Valk,1,0,0,0,0.0,0,1,2017,2018,0,0,0,0
Cameron Hughes,1,0,0,0,0.0,0,1,2019,2020,0,0,0,0
Morgan Klimchuk,1,0,0,0,0.0,0,1,2017,2018,0,0,0,0
Evan McEneny,1,0,0,0,0.0,0,2,2016,2017,0,0,0,0
Dan Renouf,1,0,0,0,0.0,0,2,2016,2017,0,0,0,0
Anthony Greco,1,0,0,0,0.0,0,1,2018,2019,0,0,0,0
Sean Malone,1,0,0,0,0.0,0,1,2016,2017,0,0,0,0
Brian Pinho,1,0,0,0,0.0,0,1,2019,2021,0,0,0,0
Giovanni Fiore,1,0,0,0,0.0,0,1,2017,2018,0,0,0,0
Mitch Reinke,1,0,0,0,0.0,0,2,2017,2018,0,0,0,0
C.J. Suess,1,0,0,0,0.0,0,1,2019,2021,0,0,0,0
Brandon Gignac,1,0,0,0,0.0,0,1,2018,2019,0,0,0,0
Nicolas Meloche,1,0,0,0,0.0,0,2,2020,2021,0,0,0,0
Brady Keeper,1,0,0,0,0.0,0,2,2018,2021,0,0,0,0
Austin Poganski,1,0,0,0,0.0,0,1,2019,2021,0,0,0,0
Cole Smith,1,0,0,0,0.0,0,1,2020,2021,0,0,0,0
Cal Foote,1,0,0,0,0.0,0,2,2020,2021,0,0,0,0
Jake Walman,1,0,0,0,0.0,0,2,2019,2021,0,0,0,0
Nicolas Beaudin,1,0,0,0,0.0,0,2,2019,2021,0,0,0,0
Victor Soderstrom,1,0,0,0,0.0,0,2,2020,2021,0,0,0,0
Nicholas Robertson,1,0,0,0,0.0,0,1,2019,2021,0,0,0,0
Dalton Smith,1,0,0,0,0.0,2,1,2019,2020,0,0,0,0
Josh Teves,1,0,0,0,0.0,2,2,2018,2019,0,0,0,0
Rem Pitlick,1,0,0,0,0.0,2,1,2018,2019,0,0,0,0
Ty Dellandrea,1,0,0,0,0.0,2,1,2020,2021,0,0,0,0
Spencer Abbott,2,0,0,0,0.0,0,1,2013,2017,0,0,0,0
Mark McNeill,2,0,0,0,0.0,0,1,2015,2017,0,0,0,0
Jacob Nilsson,2,0,0,0,0.0,0,1,2018,2019,0,0,0,0
Ben Sexton,2,0,0,0,0.0,0,1,2017,2018,0,0,0,0
Mike Vecchione,2,0,0,0,0.0,0,1,2016,2017,0,0,0,0
Andrew Poturalski,2,0,0,0,0.0,0,1,2016,2017,0,0,0,0
Justin Auger,2,0,0,0,0.0,0,1,2017,2018,0,0,0,0
Anthony Richard,2,0,0,0,0.0,0,1,2018,2020,0,0,0,0
Andrei Chibisov,2,0,0,0,0.0,0,1,2019,2020,0,0,0,0
Jalen Chatfield,2,0,0,0,0.0,0,2,2020,2021,0,0,0,0
Andrew Crescenzi,2,0,0,0,0.0,2,1,2017,2018,0,0,0,0
Alex Broadhurst,2,0,0,0,0.0,2,1,2017,2018,0,0,0,0
Justin Kloos,2,0,0,0,0.0,2,1,2017,2019,0,0,0,0
Jake Bean,2,0,0,0,0.0,2,2,2018,2021,0,0,0,0
Thomas Di Pauli,2,0,0,0,0.0,10,1,2019,2020,0,0,0,0
Pat Cannone,3,0,0,0,0.0,0,1,2016,2017,0,0,0,0
Alexander Barabanov,3,0,0,0,0.0,0,1,2020,2021,0,0,0,0
Nic Kerdiles,3,0,0,0,0.0,0,1,2016,2018,0,0,0,0
Brandon Hagel,3,0,0,0,0.0,0,1,2019,2021,0,0,0,0
Calvin Thurkauf,3,0,0,0,0.0,0,1,2019,2020,0,0,0,0
Blake Speers,3,0,0,0,0.0,0,1,2016,2017,0,0,0,0
Beck Malenstyn,3,0,0,0,0.0,0,1,2019,2020,0,0,0,0
Tobias Bjornfot,3,0,0,0,0.0,0,2,2019,2020,0,0,0,0
Tanner Richard,3,0,0,0,0.0,2,1,2016,2017,0,0,0,0
Dillon Simpson,3,0,0,0,0.0,2,2,2016,2017,0,0,0,0
Josh Jacobs,3,0,0,0,0.0,2,2,2018,2020,0,0,0,0
Joachim Blichfeld,3,0,0,0,0.0,2,1,2019,2020,0,0,0,0
Logan Stanley,3,0,0,0,0.0,2,2,2020,2021,0,0,0,0
Ben Thomson,3,0,0,0,0.0,4,1,2016,2017,0,0,0,0
Chase De Leo,4,0,0,0,0.0,0,1,2015,2020,0,0,0,0
William Borgen,4,0,0,0,0.0,0,2,2018,2021,0,0,0,0
Alexander Yelesin,4,0,0,0,0.0,0,2,2019,2020,0,0,0,0
Danil Yurtaikin,4,0,0,0,0.0,0,1,2019,2020,0,0,0,0
German Rubtsov,4,0,0,0,0.0,0,1,2019,2020,0,0,0,0
Connor Jones,4,0,0,0,0.0,2,1,2016,2017,0,0,0,0
Alexis Lafreniere,4,0,0,0,0.0,2,1,2020,2021,0,0,0,0
Anton Wedin,4,0,0,0,0.0,4,1,2019,2020,0,0,0,0
Jake Bischoff,4,0,0,0,0.0,4,2,2019,2020,0,0,0,0
Keegan Lowe,4,0,0,0,0.0,10,2,2014,2018,0,0,0,0
Mitch Callahan,5,0,0,0,0.0,0,1,2013,2017,0,0,0,0
Michael Kapla,5,0,0,0,0.0,0,2,2016,2017,0,0,0,0
Otto Leskinen,5,0,0,0,0.0,0,2,2019,2020,0,0,0,0
Olli Juolevi,5,0,0,0,0.0,0,2,2019,2021,0,0,0,0
Griffen Molino,5,0,0,0,0.0,0,1,2016,2017,0,0,0,0
Jake Chelios,5,0,0,0,0.0,2,2,2018,2019,0,0,0,0
Mathias Brome,5,0,0,0,0.0,2,1,2020,2021,0,0,0,0
Alexandre Carrier,5,0,0,0,0.0,2,2,2016,2020,0,0,0,0
Kole Sherwood,5,0,0,0,0.0,2,1,2018,2020,0,0,0,0
Brennan Menell,5,0,0,0,0.0,2,2,2019,2020,0,0,0,0
Brady Austin,5,0,0,0,0.0,4,2,2016,2017,0,0,0,0
Jakub Zboril,6,0,0,0,0.0,0,2,2018,2021,0,0,0,0
Cooper Marody,6,0,0,0,0.0,0,1,2018,2019,0,0,0,0
Conor Timmins,6,0,0,0,0.0,0,2,2019,2021,0,0,0,0
Kale Clague,6,0,0,0,0.0,6,2,2019,2021,0,0,0,0
Libor Sulak,6,0,0,0,0.0,6,2,2018,2019,0,0,0,0
Sheldon Rempal,7,0,0,0,0.0,0,1,2018,2019,0,0,0,0
Urho Vaakanainen,7,0,0,0,0.0,0,2,2018,2021,0,0,0,0
Trevor Carrick,7,0,0,0,0.0,12,2,2015,2020,0,0,0,0
Chase Balisy,8,0,0,0,0.0,0,1,2017,2018,0,0,0,0
Guillaume Brisebois,8,0,0,0,0.0,0,2,2018,2019,0,0,0,0
Rhett Gardner,8,0,0,0,0.0,2,1,2019,2021,0,0,0,0
Nikolai Knyzhov,8,0,0,0,0.0,2,2,2019,2021,0,0,0,0
William Lagesson,9,0,0,0,0.0,0,2,2019,2021,0,0,0,0
Alexandre Grenier,9,0,0,0,0.0,2,1,2015,2017,0,0,0,0
Dominic Turgeon,9,0,0,0,0.0,2,1,2017,2019,0,0,0,0
Kyle Criscuolo,9,0,0,0,0.0,4,1,2017,2018,0,0,0,0
Oliver Wahlstrom,9,0,0,0,0.0,4,1,2019,2020,0,0,0,0
Colton White,9,0,0,0,0.0,6,2,2018,2020,0,0,0,0
Samuel Morin,9,0,0,0,0.0,8,2,2016,2021,0,0,0,0
Ryan Kuffner,10,0,0,0,0.0,0,1,2018,2019,0,0,0,0
Jack Rodewald,10,0,0,0,0.0,2,1,2017,2019,0,0,0,0
Ryan Johnston,10,0,0,0,0.0,4,2,2015,2017,0,0,0,0
Tyrell Goulbourne,11,0,0,0,0.0,2,1,2017,2019,0,0,0,0
Nelson Nogier,11,0,0,0,0.0,5,2,2016,2021,0,0,0,0
Daniel Catenacci,12,0,0,0,0.0,0,1,2015,2018,0,0,0,0
Riley Barber,12,0,0,0,0.0,2,1,2016,2020,0,0,0,0
Rinat Valiyev,12,0,0,0,0.0,2,2,2015,2018,0,0,0,0
Otto Koivula,12,0,0,0,0.0,2,1,2019,2020,0,0,0,0
Joseph LaBate,13,0,0,0,0.0,21,1,2016,2017,0,0,0,0
Joona Luoto,16,0,0,0,0.0,2,1,2019,2020,0,0,0,0
Janne Kuokkanen,16,0,0,0,0.0,6,1,2017,2021,0,0,0,0
Steven Fogarty,18,0,0,0,0.0,2,1,2017,2020,0,0,0,0
Robbie Russo,19,0,0,0,0.0,2,2,2016,2017,0,0,0,0
Mark Alt,19,0,0,0,0.0,4,2,2014,2021,0,0,0,0
Trent Frederic,21,0,0,0,0.0,15,1,2018,2021,0,0,0,0
Marc Michaelis,0,0,0,0,0.0,0,1,2020,2021,0,0,0,0
Brinson Pasichnuk,0,0,0,0,0.0,0,2,2020,2021,0,0,0,0
Bokondji Imama,0,0,0,0,0.0,0,1,2020,2021,0,0,0,0
Artyom Zub,0,0,0,0,0.0,0,2,2020,2021,0,0,0,0
Wyatt Kalynuk,0,0,0,0,0.0,0,2,2020,2021,0,0,0,0
Alexander Chmelevski,0,0,0,0,0.0,0,1,2020,2021,0,0,0,0
Dylan Samberg,0,0,0,0,0.0,0,2,2020,2021,0,0,0,0
Steven Lorentz,0,0,0,0,0.0,0,1,2020,2021,0,0,0,0
Jeffrey Viel,0,0,0,0,0.0,0,1,2020,2021,0,0,0,0
Nolan Foote,0,0,0,0,0.0,0,1,2020,2021,0,0,0,0
Dylan Coghlan,0,0,0,0,0.0,0,2,2020,2021,0,0,0,0
Kevin Bahl,0,0,0,0,0.0,0,2,2020,2021,0,0,0,0
Reese Johnson,0,0,0,0,0.0,0,1,2020,2021,0,0,0,0
Aleksi Heponiemi,0,0,0,0,0.0,0,1,2020,2021,0,0,0,0
Samuel Fagemo,0,0,0,0,0.0,0,1,2020,2021,0,0,0,0
Marco Rossi,0,0,0,0,0.0,0,1,2020,2021,0,0,0,0
Jack Rathbone,0,0,0,0,0.0,0,2,2020,2021,0,0,0,0
Mikhail Maltsev,0,0,0,0,0.0,0,1,2020,2021,0,0,0,0
Connor Mackey,0,0,0,0,0.0,0,2,2020,2021,0,0,0,0
Jack Quinn,0,0,0,0,0.0,0,1,2020,2021,0,0,0,0
Jonathan Aspirot,0,0,0,0,0.0,0,2,2020,2021,0,0,0,0
Drew O'Connor,0,0,0,0,0.0,0,1,2020,2021,0,0,0,0
Jake Neighbours,0,0,0,0,0.0,0,1,2020,2021,0,0,0,0
Philip Tomasino,0,0,0,0,0.0,0,1,2020,2021,0,0,0,0
Connor McMichael,0,0,0,0,0.0,0,1,2020,2021,0,0,0,0
